gene,Abundance (TPM),Sample,Positon 
glk,144.72,D1T1(0-2cmbsf),Slope
pckA,309.12,D1T1(0-2cmbsf),Slope
CS,489.79,D1T1(0-2cmbsf),Slope
IDH,355.95,D1T1(0-2cmbsf),Slope
sucD,468.49,D1T1(0-2cmbsf),Slope
pta,68.25,D1T1(0-2cmbsf),Slope
ackA,14.61,D1T1(0-2cmbsf),Slope
ACS,588.93,D1T1(0-2cmbsf),Slope
porA,84.14,D1T1(0-2cmbsf),Slope
aclA,10.56,D1T1(0-2cmbsf),Slope
aclB,8.37,D1T1(0-2cmbsf),Slope
acsA,0,D1T1(0-2cmbsf),Slope
acsB,0,D1T1(0-2cmbsf),Slope
fhs,122.8,D1T1(0-2cmbsf),Slope
hpcs,270.93,D1T1(0-2cmbsf),Slope
4hbl,252.33,D1T1(0-2cmbsf),Slope
4hbd,292.8,D1T1(0-2cmbsf),Slope
rbcL,22.52,D1T1(0-2cmbsf),Slope
PRK,13.77,D1T1(0-2cmbsf),Slope
amt,570.05,D1T1(0-2cmbsf),Slope
gcvT,486.06,D1T1(0-2cmbsf),Slope
gdhA,334.25,D1T1(0-2cmbsf),Slope
amoA,207.78,D1T1(0-2cmbsf),Slope
hao,9.2,D1T1(0-2cmbsf),Slope
nxrA,21.28,D1T1(0-2cmbsf),Slope
narG,12.02,D1T1(0-2cmbsf),Slope
narB,0.88,D1T1(0-2cmbsf),Slope
napA,15.84,D1T1(0-2cmbsf),Slope
nirB,12.91,D1T1(0-2cmbsf),Slope
nrfA,34.8,D1T1(0-2cmbsf),Slope
nirA,5.74,D1T1(0-2cmbsf),Slope
nirK,298.39,D1T1(0-2cmbsf),Slope
norB,25.34,D1T1(0-2cmbsf),Slope
nosZ,1.63,D1T1(0-2cmbsf),Slope
sat,385.61,D1T1(0-2cmbsf),Slope
aprA,78.54,D1T1(0-2cmbsf),Slope
dsrA,0.23,D1T1(0-2cmbsf),Slope
phsA,2.92,D1T1(0-2cmbsf),Slope
sqr,67.26,D1T1(0-2cmbsf),Slope
cysH,337.45,D1T1(0-2cmbsf),Slope
sir,334.63,D1T1(0-2cmbsf),Slope
cysK,259.89,D1T1(0-2cmbsf),Slope
catA,32.93,D1T1(0-2cmbsf),Slope
catE,74.44,D1T1(0-2cmbsf),Slope
pcaH,132.7,D1T1(0-2cmbsf),Slope
ligB,44.5,D1T1(0-2cmbsf),Slope
boxB,79.1,D1T1(0-2cmbsf),Slope
alkM,29.69,D1T1(0-2cmbsf),Slope
ladA,0.42,D1T1(0-2cmbsf),Slope
arsM,229.96,D1T1(0-2cmbsf),Slope
arsB,279.2,D1T1(0-2cmbsf),Slope
arsC1,91.22,D1T1(0-2cmbsf),Slope
arsC2,106.28,D1T1(0-2cmbsf),Slope
aioA,4.97,D1T1(0-2cmbsf),Slope
selA,116.7,D1T1(0-2cmbsf),Slope
selD,134.75,D1T1(0-2cmbsf),Slope
selU,5.47,D1T1(0-2cmbsf),Slope
glk,159.8,D1T1(4-6cmbsf),Slope
pckA,289.17,D1T1(4-6cmbsf),Slope
CS,503.52,D1T1(4-6cmbsf),Slope
IDH,360.76,D1T1(4-6cmbsf),Slope
sucD,469.67,D1T1(4-6cmbsf),Slope
pta,60.12,D1T1(4-6cmbsf),Slope
ackA,17.08,D1T1(4-6cmbsf),Slope
ACS,638.54,D1T1(4-6cmbsf),Slope
porA,89.11,D1T1(4-6cmbsf),Slope
aclA,8.86,D1T1(4-6cmbsf),Slope
aclB,11,D1T1(4-6cmbsf),Slope
acsA,0,D1T1(4-6cmbsf),Slope
acsB,0,D1T1(4-6cmbsf),Slope
fhs,130.94,D1T1(4-6cmbsf),Slope
hpcs,269.31,D1T1(4-6cmbsf),Slope
4hbl,225.52,D1T1(4-6cmbsf),Slope
4hbd,274.12,D1T1(4-6cmbsf),Slope
rbcL,23.79,D1T1(4-6cmbsf),Slope
PRK,21.5,D1T1(4-6cmbsf),Slope
amt,499.81,D1T1(4-6cmbsf),Slope
gcvT,445.7,D1T1(4-6cmbsf),Slope
gdhA,347.79,D1T1(4-6cmbsf),Slope
amoA,221.51,D1T1(4-6cmbsf),Slope
hao,11.34,D1T1(4-6cmbsf),Slope
nxrA,17.79,D1T1(4-6cmbsf),Slope
narG,21.76,D1T1(4-6cmbsf),Slope
narB,0.93,D1T1(4-6cmbsf),Slope
napA,20.12,D1T1(4-6cmbsf),Slope
nirB,9.58,D1T1(4-6cmbsf),Slope
nrfA,37.05,D1T1(4-6cmbsf),Slope
nirA,4.63,D1T1(4-6cmbsf),Slope
nirK,292.62,D1T1(4-6cmbsf),Slope
norB,24.27,D1T1(4-6cmbsf),Slope
nosZ,2.25,D1T1(4-6cmbsf),Slope
sat,406.99,D1T1(4-6cmbsf),Slope
aprA,95.68,D1T1(4-6cmbsf),Slope
dsrA,0,D1T1(4-6cmbsf),Slope
phsA,3.2,D1T1(4-6cmbsf),Slope
sqr,62.43,D1T1(4-6cmbsf),Slope
cysH,331.84,D1T1(4-6cmbsf),Slope
sir,348.91,D1T1(4-6cmbsf),Slope
cysK,260.88,D1T1(4-6cmbsf),Slope
catA,47.1,D1T1(4-6cmbsf),Slope
catE,93.21,D1T1(4-6cmbsf),Slope
pcaH,136.88,D1T1(4-6cmbsf),Slope
ligB,56.82,D1T1(4-6cmbsf),Slope
boxB,93.89,D1T1(4-6cmbsf),Slope
alkM,33.65,D1T1(4-6cmbsf),Slope
ladA,0.23,D1T1(4-6cmbsf),Slope
arsM,233.21,D1T1(4-6cmbsf),Slope
arsB,262.98,D1T1(4-6cmbsf),Slope
arsC1,59.64,D1T1(4-6cmbsf),Slope
arsC2,102.55,D1T1(4-6cmbsf),Slope
aioA,5.18,D1T1(4-6cmbsf),Slope
selA,142.77,D1T1(4-6cmbsf),Slope
selD,161.63,D1T1(4-6cmbsf),Slope
selU,3.85,D1T1(4-6cmbsf),Slope
glk,121.13,D1T2(24-26cmbsf),Slope
pckA,279.13,D1T2(24-26cmbsf),Slope
CS,530.52,D1T2(24-26cmbsf),Slope
IDH,419.44,D1T2(24-26cmbsf),Slope
sucD,462.59,D1T2(24-26cmbsf),Slope
pta,52.7,D1T2(24-26cmbsf),Slope
ackA,24.13,D1T2(24-26cmbsf),Slope
ACS,573.44,D1T2(24-26cmbsf),Slope
porA,44.81,D1T2(24-26cmbsf),Slope
aclA,7.07,D1T2(24-26cmbsf),Slope
aclB,7.5,D1T2(24-26cmbsf),Slope
acsA,0,D1T2(24-26cmbsf),Slope
acsB,0,D1T2(24-26cmbsf),Slope
fhs,126.39,D1T2(24-26cmbsf),Slope
hpcs,259.16,D1T2(24-26cmbsf),Slope
4hbl,181.6,D1T2(24-26cmbsf),Slope
4hbd,260.11,D1T2(24-26cmbsf),Slope
rbcL,18.67,D1T2(24-26cmbsf),Slope
PRK,18.03,D1T2(24-26cmbsf),Slope
amt,452.96,D1T2(24-26cmbsf),Slope
gcvT,791.47,D1T2(24-26cmbsf),Slope
gdhA,369.69,D1T2(24-26cmbsf),Slope
amoA,52.35,D1T2(24-26cmbsf),Slope
hao,9.62,D1T2(24-26cmbsf),Slope
nxrA,8.69,D1T2(24-26cmbsf),Slope
narG,84.7,D1T2(24-26cmbsf),Slope
narB,3.02,D1T2(24-26cmbsf),Slope
napA,26.32,D1T2(24-26cmbsf),Slope
nirB,4.47,D1T2(24-26cmbsf),Slope
nrfA,24.7,D1T2(24-26cmbsf),Slope
nirA,0.25,D1T2(24-26cmbsf),Slope
nirK,296.25,D1T2(24-26cmbsf),Slope
norB,38.21,D1T2(24-26cmbsf),Slope
nosZ,10.32,D1T2(24-26cmbsf),Slope
sat,338.72,D1T2(24-26cmbsf),Slope
aprA,73.81,D1T2(24-26cmbsf),Slope
dsrA,0.16,D1T2(24-26cmbsf),Slope
phsA,16.76,D1T2(24-26cmbsf),Slope
sqr,93.37,D1T2(24-26cmbsf),Slope
cysH,566.45,D1T2(24-26cmbsf),Slope
sir,250.9,D1T2(24-26cmbsf),Slope
cysK,316.47,D1T2(24-26cmbsf),Slope
catA,190.9,D1T2(24-26cmbsf),Slope
catE,65.63,D1T2(24-26cmbsf),Slope
pcaH,122.03,D1T2(24-26cmbsf),Slope
ligB,23,D1T2(24-26cmbsf),Slope
boxB,56.79,D1T2(24-26cmbsf),Slope
alkM,35.99,D1T2(24-26cmbsf),Slope
ladA,0,D1T2(24-26cmbsf),Slope
arsM,232.25,D1T2(24-26cmbsf),Slope
arsB,147.07,D1T2(24-26cmbsf),Slope
arsC1,96.59,D1T2(24-26cmbsf),Slope
arsC2,117.13,D1T2(24-26cmbsf),Slope
aioA,15.21,D1T2(24-26cmbsf),Slope
selA,118.61,D1T2(24-26cmbsf),Slope
selD,133.11,D1T2(24-26cmbsf),Slope
selU,4.13,D1T2(24-26cmbsf),Slope
glk,140.03,D1T2(4-6cmbsf),Slope
pckA,269.83,D1T2(4-6cmbsf),Slope
CS,517.67,D1T2(4-6cmbsf),Slope
IDH,384.45,D1T2(4-6cmbsf),Slope
sucD,419.02,D1T2(4-6cmbsf),Slope
pta,51.6,D1T2(4-6cmbsf),Slope
ackA,29.3,D1T2(4-6cmbsf),Slope
ACS,598.77,D1T2(4-6cmbsf),Slope
porA,90.77,D1T2(4-6cmbsf),Slope
aclA,12.15,D1T2(4-6cmbsf),Slope
aclB,6.16,D1T2(4-6cmbsf),Slope
acsA,0,D1T2(4-6cmbsf),Slope
acsB,0,D1T2(4-6cmbsf),Slope
fhs,99.1,D1T2(4-6cmbsf),Slope
hpcs,228.31,D1T2(4-6cmbsf),Slope
4hbl,171.59,D1T2(4-6cmbsf),Slope
4hbd,252.56,D1T2(4-6cmbsf),Slope
rbcL,20.55,D1T2(4-6cmbsf),Slope
PRK,15.03,D1T2(4-6cmbsf),Slope
amt,412.54,D1T2(4-6cmbsf),Slope
gcvT,463.96,D1T2(4-6cmbsf),Slope
gdhA,320.67,D1T2(4-6cmbsf),Slope
amoA,103.41,D1T2(4-6cmbsf),Slope
hao,5.17,D1T2(4-6cmbsf),Slope
nxrA,14.17,D1T2(4-6cmbsf),Slope
narG,39.98,D1T2(4-6cmbsf),Slope
narB,2.38,D1T2(4-6cmbsf),Slope
napA,21.99,D1T2(4-6cmbsf),Slope
nirB,17.96,D1T2(4-6cmbsf),Slope
nrfA,40.34,D1T2(4-6cmbsf),Slope
nirA,1.07,D1T2(4-6cmbsf),Slope
nirK,248.76,D1T2(4-6cmbsf),Slope
norB,29.89,D1T2(4-6cmbsf),Slope
nosZ,7.07,D1T2(4-6cmbsf),Slope
sat,371.89,D1T2(4-6cmbsf),Slope
aprA,95.88,D1T2(4-6cmbsf),Slope
dsrA,0,D1T2(4-6cmbsf),Slope
phsA,7.51,D1T2(4-6cmbsf),Slope
sqr,62.53,D1T2(4-6cmbsf),Slope
cysH,343.86,D1T2(4-6cmbsf),Slope
sir,262.93,D1T2(4-6cmbsf),Slope
cysK,252.82,D1T2(4-6cmbsf),Slope
catA,120.8,D1T2(4-6cmbsf),Slope
catE,96.37,D1T2(4-6cmbsf),Slope
pcaH,127.36,D1T2(4-6cmbsf),Slope
ligB,52.58,D1T2(4-6cmbsf),Slope
boxB,102.82,D1T2(4-6cmbsf),Slope
alkM,24.34,D1T2(4-6cmbsf),Slope
ladA,0,D1T2(4-6cmbsf),Slope
arsM,252.8,D1T2(4-6cmbsf),Slope
arsB,219.66,D1T2(4-6cmbsf),Slope
arsC1,63.2,D1T2(4-6cmbsf),Slope
arsC2,163.72,D1T2(4-6cmbsf),Slope
aioA,8.04,D1T2(4-6cmbsf),Slope
selA,133.1,D1T2(4-6cmbsf),Slope
selD,138.3,D1T2(4-6cmbsf),Slope
selU,6.82,D1T2(4-6cmbsf),Slope
glk,155.83,MC02(28-30cmbsf),Slope
pckA,282.81,MC02(28-30cmbsf),Slope
CS,494.3,MC02(28-30cmbsf),Slope
IDH,325,MC02(28-30cmbsf),Slope
sucD,473.21,MC02(28-30cmbsf),Slope
pta,85.47,MC02(28-30cmbsf),Slope
ackA,42.91,MC02(28-30cmbsf),Slope
ACS,572.96,MC02(28-30cmbsf),Slope
porA,78.56,MC02(28-30cmbsf),Slope
aclA,7.94,MC02(28-30cmbsf),Slope
aclB,7.39,MC02(28-30cmbsf),Slope
acsA,0,MC02(28-30cmbsf),Slope
acsB,0,MC02(28-30cmbsf),Slope
fhs,120.78,MC02(28-30cmbsf),Slope
hpcs,128.89,MC02(28-30cmbsf),Slope
4hbl,124.76,MC02(28-30cmbsf),Slope
4hbd,164.41,MC02(28-30cmbsf),Slope
rbcL,20.34,MC02(28-30cmbsf),Slope
PRK,13.12,MC02(28-30cmbsf),Slope
amt,473.64,MC02(28-30cmbsf),Slope
gcvT,550.69,MC02(28-30cmbsf),Slope
gdhA,262.14,MC02(28-30cmbsf),Slope
amoA,86.38,MC02(28-30cmbsf),Slope
hao,7.62,MC02(28-30cmbsf),Slope
nxrA,10.94,MC02(28-30cmbsf),Slope
narG,47.13,MC02(28-30cmbsf),Slope
narB,2.69,MC02(28-30cmbsf),Slope
napA,34.95,MC02(28-30cmbsf),Slope
nirB,11.58,MC02(28-30cmbsf),Slope
nrfA,22.64,MC02(28-30cmbsf),Slope
nirA,3.2,MC02(28-30cmbsf),Slope
nirK,205.67,MC02(28-30cmbsf),Slope
norB,25.96,MC02(28-30cmbsf),Slope
nosZ,15.86,MC02(28-30cmbsf),Slope
sat,310.99,MC02(28-30cmbsf),Slope
aprA,104.68,MC02(28-30cmbsf),Slope
dsrA,0.78,MC02(28-30cmbsf),Slope
phsA,14.89,MC02(28-30cmbsf),Slope
sqr,79.98,MC02(28-30cmbsf),Slope
cysH,276.02,MC02(28-30cmbsf),Slope
sir,205.25,MC02(28-30cmbsf),Slope
cysK,320.44,MC02(28-30cmbsf),Slope
catA,46.24,MC02(28-30cmbsf),Slope
catE,85.32,MC02(28-30cmbsf),Slope
pcaH,173.94,MC02(28-30cmbsf),Slope
ligB,44.49,MC02(28-30cmbsf),Slope
boxB,94.23,MC02(28-30cmbsf),Slope
alkM,28.41,MC02(28-30cmbsf),Slope
ladA,0,MC02(28-30cmbsf),Slope
arsM,277.16,MC02(28-30cmbsf),Slope
arsB,167.68,MC02(28-30cmbsf),Slope
arsC1,64.54,MC02(28-30cmbsf),Slope
arsC2,178.41,MC02(28-30cmbsf),Slope
aioA,24.35,MC02(28-30cmbsf),Slope
selA,141.59,MC02(28-30cmbsf),Slope
selD,184.67,MC02(28-30cmbsf),Slope
selU,6.76,MC02(28-30cmbsf),Slope
glk,200.6,MC02(8-10cmbsf),Slope
pckA,242.47,MC02(8-10cmbsf),Slope
CS,496.35,MC02(8-10cmbsf),Slope
IDH,344.23,MC02(8-10cmbsf),Slope
sucD,470.02,MC02(8-10cmbsf),Slope
pta,96.47,MC02(8-10cmbsf),Slope
ackA,26.66,MC02(8-10cmbsf),Slope
ACS,553.42,MC02(8-10cmbsf),Slope
porA,114.97,MC02(8-10cmbsf),Slope
aclA,8.71,MC02(8-10cmbsf),Slope
aclB,9.55,MC02(8-10cmbsf),Slope
acsA,0,MC02(8-10cmbsf),Slope
acsB,0,MC02(8-10cmbsf),Slope
fhs,117.96,MC02(8-10cmbsf),Slope
hpcs,181.19,MC02(8-10cmbsf),Slope
4hbl,115.29,MC02(8-10cmbsf),Slope
4hbd,143.71,MC02(8-10cmbsf),Slope
rbcL,23.51,MC02(8-10cmbsf),Slope
PRK,8.59,MC02(8-10cmbsf),Slope
amt,438.34,MC02(8-10cmbsf),Slope
gcvT,496.35,MC02(8-10cmbsf),Slope
gdhA,272.78,MC02(8-10cmbsf),Slope
amoA,127.46,MC02(8-10cmbsf),Slope
hao,7.42,MC02(8-10cmbsf),Slope
nxrA,15.96,MC02(8-10cmbsf),Slope
narG,25.54,MC02(8-10cmbsf),Slope
narB,2.38,MC02(8-10cmbsf),Slope
napA,32.18,MC02(8-10cmbsf),Slope
nirB,12.6,MC02(8-10cmbsf),Slope
nrfA,39.54,MC02(8-10cmbsf),Slope
nirA,0.55,MC02(8-10cmbsf),Slope
nirK,191.49,MC02(8-10cmbsf),Slope
norB,24.87,MC02(8-10cmbsf),Slope
nosZ,2.52,MC02(8-10cmbsf),Slope
sat,358.15,MC02(8-10cmbsf),Slope
aprA,119.6,MC02(8-10cmbsf),Slope
dsrA,0,MC02(8-10cmbsf),Slope
phsA,5.75,MC02(8-10cmbsf),Slope
sqr,48.24,MC02(8-10cmbsf),Slope
cysH,247.35,MC02(8-10cmbsf),Slope
sir,229.9,MC02(8-10cmbsf),Slope
cysK,309.55,MC02(8-10cmbsf),Slope
catA,38.48,MC02(8-10cmbsf),Slope
catE,104.99,MC02(8-10cmbsf),Slope
pcaH,189.17,MC02(8-10cmbsf),Slope
ligB,53.28,MC02(8-10cmbsf),Slope
boxB,102.97,MC02(8-10cmbsf),Slope
alkM,25.65,MC02(8-10cmbsf),Slope
ladA,0,MC02(8-10cmbsf),Slope
arsM,280.07,MC02(8-10cmbsf),Slope
arsB,173.66,MC02(8-10cmbsf),Slope
arsC1,49.94,MC02(8-10cmbsf),Slope
arsC2,163.55,MC02(8-10cmbsf),Slope
aioA,5.84,MC02(8-10cmbsf),Slope
selA,163.2,MC02(8-10cmbsf),Slope
selD,160.44,MC02(8-10cmbsf),Slope
selU,5.81,MC02(8-10cmbsf),Slope
glk,188.86,T1B3R1(0-3cmbsf),Slope
pckA,282.5,T1B3R1(0-3cmbsf),Slope
CS,481.58,T1B3R1(0-3cmbsf),Slope
IDH,384.98,T1B3R1(0-3cmbsf),Slope
sucD,496.99,T1B3R1(0-3cmbsf),Slope
pta,73.15,T1B3R1(0-3cmbsf),Slope
ackA,18.88,T1B3R1(0-3cmbsf),Slope
ACS,591.5,T1B3R1(0-3cmbsf),Slope
porA,84.92,T1B3R1(0-3cmbsf),Slope
aclA,3.73,T1B3R1(0-3cmbsf),Slope
aclB,1.36,T1B3R1(0-3cmbsf),Slope
acsA,0,T1B3R1(0-3cmbsf),Slope
acsB,0,T1B3R1(0-3cmbsf),Slope
fhs,164.28,T1B3R1(0-3cmbsf),Slope
hpcs,136.88,T1B3R1(0-3cmbsf),Slope
4hbl,152.37,T1B3R1(0-3cmbsf),Slope
4hbd,196.82,T1B3R1(0-3cmbsf),Slope
rbcL,26.83,T1B3R1(0-3cmbsf),Slope
PRK,24.75,T1B3R1(0-3cmbsf),Slope
amt,458.22,T1B3R1(0-3cmbsf),Slope
gcvT,592.72,T1B3R1(0-3cmbsf),Slope
gdhA,340.77,T1B3R1(0-3cmbsf),Slope
amoA,117.03,T1B3R1(0-3cmbsf),Slope
hao,2.84,T1B3R1(0-3cmbsf),Slope
nxrA,15.59,T1B3R1(0-3cmbsf),Slope
narG,10.48,T1B3R1(0-3cmbsf),Slope
narB,2.05,T1B3R1(0-3cmbsf),Slope
napA,16.93,T1B3R1(0-3cmbsf),Slope
nirB,14.14,T1B3R1(0-3cmbsf),Slope
nrfA,13.55,T1B3R1(0-3cmbsf),Slope
nirA,7.15,T1B3R1(0-3cmbsf),Slope
nirK,237.94,T1B3R1(0-3cmbsf),Slope
norB,29.01,T1B3R1(0-3cmbsf),Slope
nosZ,4.41,T1B3R1(0-3cmbsf),Slope
sat,359.6,T1B3R1(0-3cmbsf),Slope
aprA,104.72,T1B3R1(0-3cmbsf),Slope
dsrA,0,T1B3R1(0-3cmbsf),Slope
phsA,4.13,T1B3R1(0-3cmbsf),Slope
sqr,106.35,T1B3R1(0-3cmbsf),Slope
cysH,269.62,T1B3R1(0-3cmbsf),Slope
sir,282.72,T1B3R1(0-3cmbsf),Slope
cysK,325.23,T1B3R1(0-3cmbsf),Slope
catA,74.85,T1B3R1(0-3cmbsf),Slope
catE,100.07,T1B3R1(0-3cmbsf),Slope
pcaH,163.12,T1B3R1(0-3cmbsf),Slope
ligB,43.84,T1B3R1(0-3cmbsf),Slope
boxB,87.26,T1B3R1(0-3cmbsf),Slope
alkM,42.22,T1B3R1(0-3cmbsf),Slope
ladA,0.96,T1B3R1(0-3cmbsf),Slope
arsM,270.35,T1B3R1(0-3cmbsf),Slope
arsB,208.31,T1B3R1(0-3cmbsf),Slope
arsC1,94.76,T1B3R1(0-3cmbsf),Slope
arsC2,143.23,T1B3R1(0-3cmbsf),Slope
aioA,6.43,T1B3R1(0-3cmbsf),Slope
selA,163.12,T1B3R1(0-3cmbsf),Slope
selD,173.3,T1B3R1(0-3cmbsf),Slope
selU,9.04,T1B3R1(0-3cmbsf),Slope
glk,185.3,T1B3R2(0-3cmbsf),Slope
pckA,275.26,T1B3R2(0-3cmbsf),Slope
CS,498.19,T1B3R2(0-3cmbsf),Slope
IDH,394.88,T1B3R2(0-3cmbsf),Slope
sucD,482.32,T1B3R2(0-3cmbsf),Slope
pta,85.05,T1B3R2(0-3cmbsf),Slope
ackA,14.53,T1B3R2(0-3cmbsf),Slope
ACS,605.9,T1B3R2(0-3cmbsf),Slope
porA,93.52,T1B3R2(0-3cmbsf),Slope
aclA,1.06,T1B3R2(0-3cmbsf),Slope
aclB,1.62,T1B3R2(0-3cmbsf),Slope
acsA,0,T1B3R2(0-3cmbsf),Slope
acsB,0,T1B3R2(0-3cmbsf),Slope
fhs,171.28,T1B3R2(0-3cmbsf),Slope
hpcs,126.44,T1B3R2(0-3cmbsf),Slope
4hbl,154.94,T1B3R2(0-3cmbsf),Slope
4hbd,169.6,T1B3R2(0-3cmbsf),Slope
rbcL,31.96,T1B3R2(0-3cmbsf),Slope
PRK,27.07,T1B3R2(0-3cmbsf),Slope
amt,455.15,T1B3R2(0-3cmbsf),Slope
gcvT,557.39,T1B3R2(0-3cmbsf),Slope
gdhA,360.86,T1B3R2(0-3cmbsf),Slope
amoA,124.5,T1B3R2(0-3cmbsf),Slope
hao,2.45,T1B3R2(0-3cmbsf),Slope
nxrA,12.1,T1B3R2(0-3cmbsf),Slope
narG,22.75,T1B3R2(0-3cmbsf),Slope
narB,0.61,T1B3R2(0-3cmbsf),Slope
napA,14.45,T1B3R2(0-3cmbsf),Slope
nirB,9.64,T1B3R2(0-3cmbsf),Slope
nrfA,23.7,T1B3R2(0-3cmbsf),Slope
nirA,7.74,T1B3R2(0-3cmbsf),Slope
nirK,240.97,T1B3R2(0-3cmbsf),Slope
norB,36.15,T1B3R2(0-3cmbsf),Slope
nosZ,2.6,T1B3R2(0-3cmbsf),Slope
sat,352.91,T1B3R2(0-3cmbsf),Slope
aprA,126.44,T1B3R2(0-3cmbsf),Slope
dsrA,0.26,T1B3R2(0-3cmbsf),Slope
phsA,6.83,T1B3R2(0-3cmbsf),Slope
sqr,114.39,T1B3R2(0-3cmbsf),Slope
cysH,246.27,T1B3R2(0-3cmbsf),Slope
sir,233.03,T1B3R2(0-3cmbsf),Slope
cysK,308.89,T1B3R2(0-3cmbsf),Slope
catA,75.44,T1B3R2(0-3cmbsf),Slope
catE,100.24,T1B3R2(0-3cmbsf),Slope
pcaH,173.02,T1B3R2(0-3cmbsf),Slope
ligB,32.53,T1B3R2(0-3cmbsf),Slope
boxB,78.53,T1B3R2(0-3cmbsf),Slope
alkM,41.21,T1B3R2(0-3cmbsf),Slope
ladA,0,T1B3R2(0-3cmbsf),Slope
arsM,314.14,T1B3R2(0-3cmbsf),Slope
arsB,199.66,T1B3R2(0-3cmbsf),Slope
arsC1,85.83,T1B3R2(0-3cmbsf),Slope
arsC2,134.28,T1B3R2(0-3cmbsf),Slope
aioA,7.71,T1B3R2(0-3cmbsf),Slope
selA,159.33,T1B3R2(0-3cmbsf),Slope
selD,177.79,T1B3R2(0-3cmbsf),Slope
selU,7.39,T1B3R2(0-3cmbsf),Slope
glk,186.81,T1B5(28-30cmbsf),Slope
pckA,337.68,T1B5(28-30cmbsf),Slope
CS,541.22,T1B5(28-30cmbsf),Slope
IDH,373.48,T1B5(28-30cmbsf),Slope
sucD,562.01,T1B5(28-30cmbsf),Slope
pta,81.88,T1B5(28-30cmbsf),Slope
ackA,16.29,T1B5(28-30cmbsf),Slope
ACS,645.12,T1B5(28-30cmbsf),Slope
porA,67.77,T1B5(28-30cmbsf),Slope
aclA,2.15,T1B5(28-30cmbsf),Slope
aclB,0.7,T1B5(28-30cmbsf),Slope
acsA,0,T1B5(28-30cmbsf),Slope
acsB,0,T1B5(28-30cmbsf),Slope
fhs,123.68,T1B5(28-30cmbsf),Slope
hpcs,193.85,T1B5(28-30cmbsf),Slope
4hbl,144.66,T1B5(28-30cmbsf),Slope
4hbd,229.48,T1B5(28-30cmbsf),Slope
rbcL,14.67,T1B5(28-30cmbsf),Slope
PRK,19,T1B5(28-30cmbsf),Slope
amt,492.3,T1B5(28-30cmbsf),Slope
gcvT,667.68,T1B5(28-30cmbsf),Slope
gdhA,383.21,T1B5(28-30cmbsf),Slope
amoA,36.83,T1B5(28-30cmbsf),Slope
hao,6.67,T1B5(28-30cmbsf),Slope
nxrA,6.16,T1B5(28-30cmbsf),Slope
narG,117.99,T1B5(28-30cmbsf),Slope
narB,1.4,T1B5(28-30cmbsf),Slope
napA,28.25,T1B5(28-30cmbsf),Slope
nirB,2.79,T1B5(28-30cmbsf),Slope
nrfA,12.26,T1B5(28-30cmbsf),Slope
nirA,0.6,T1B5(28-30cmbsf),Slope
nirK,287.23,T1B5(28-30cmbsf),Slope
norB,8.37,T1B5(28-30cmbsf),Slope
nosZ,8.99,T1B5(28-30cmbsf),Slope
sat,313.25,T1B5(28-30cmbsf),Slope
aprA,85.68,T1B5(28-30cmbsf),Slope
dsrA,0,T1B5(28-30cmbsf),Slope
phsA,11.05,T1B5(28-30cmbsf),Slope
sqr,113.29,T1B5(28-30cmbsf),Slope
cysH,429.19,T1B5(28-30cmbsf),Slope
sir,309.97,T1B5(28-30cmbsf),Slope
cysK,301.65,T1B5(28-30cmbsf),Slope
catA,162.4,T1B5(28-30cmbsf),Slope
catE,113.96,T1B5(28-30cmbsf),Slope
pcaH,95.51,T1B5(28-30cmbsf),Slope
ligB,22.73,T1B5(28-30cmbsf),Slope
boxB,96.97,T1B5(28-30cmbsf),Slope
alkM,13.27,T1B5(28-30cmbsf),Slope
ladA,0,T1B5(28-30cmbsf),Slope
arsM,348.99,T1B5(28-30cmbsf),Slope
arsB,181.39,T1B5(28-30cmbsf),Slope
arsC1,71.75,T1B5(28-30cmbsf),Slope
arsC2,123.81,T1B5(28-30cmbsf),Slope
aioA,26.07,T1B5(28-30cmbsf),Slope
selA,240.38,T1B5(28-30cmbsf),Slope
selD,242,T1B5(28-30cmbsf),Slope
selU,3.74,T1B5(28-30cmbsf),Slope
glk,168.35,T1B5(0-2cmbsf),Slope
pckA,308.36,T1B5(0-2cmbsf),Slope
CS,527.12,T1B5(0-2cmbsf),Slope
IDH,384.34,T1B5(0-2cmbsf),Slope
sucD,453.13,T1B5(0-2cmbsf),Slope
pta,67.81,T1B5(0-2cmbsf),Slope
ackA,17.57,T1B5(0-2cmbsf),Slope
ACS,605.2,T1B5(0-2cmbsf),Slope
porA,70.28,T1B5(0-2cmbsf),Slope
aclA,2.12,T1B5(0-2cmbsf),Slope
aclB,2.14,T1B5(0-2cmbsf),Slope
acsA,0,T1B5(0-2cmbsf),Slope
acsB,0,T1B5(0-2cmbsf),Slope
fhs,119.8,T1B5(0-2cmbsf),Slope
hpcs,221.87,T1B5(0-2cmbsf),Slope
4hbl,158.41,T1B5(0-2cmbsf),Slope
4hbd,212.59,T1B5(0-2cmbsf),Slope
rbcL,18.98,T1B5(0-2cmbsf),Slope
PRK,16.63,T1B5(0-2cmbsf),Slope
amt,475.38,T1B5(0-2cmbsf),Slope
gcvT,482.42,T1B5(0-2cmbsf),Slope
gdhA,352.25,T1B5(0-2cmbsf),Slope
amoA,130.17,T1B5(0-2cmbsf),Slope
hao,4.62,T1B5(0-2cmbsf),Slope
nxrA,7.37,T1B5(0-2cmbsf),Slope
narG,28.66,T1B5(0-2cmbsf),Slope
narB,1.14,T1B5(0-2cmbsf),Slope
napA,12.93,T1B5(0-2cmbsf),Slope
nirB,8.27,T1B5(0-2cmbsf),Slope
nrfA,24.89,T1B5(0-2cmbsf),Slope
nirA,1.55,T1B5(0-2cmbsf),Slope
nirK,316.94,T1B5(0-2cmbsf),Slope
norB,22.33,T1B5(0-2cmbsf),Slope
nosZ,3.18,T1B5(0-2cmbsf),Slope
sat,382.23,T1B5(0-2cmbsf),Slope
aprA,111.16,T1B5(0-2cmbsf),Slope
dsrA,0,T1B5(0-2cmbsf),Slope
phsA,6.1,T1B5(0-2cmbsf),Slope
sqr,93.74,T1B5(0-2cmbsf),Slope
cysH,321.15,T1B5(0-2cmbsf),Slope
sir,255.15,T1B5(0-2cmbsf),Slope
cysK,276.2,T1B5(0-2cmbsf),Slope
catA,89.05,T1B5(0-2cmbsf),Slope
catE,93.62,T1B5(0-2cmbsf),Slope
pcaH,130.33,T1B5(0-2cmbsf),Slope
ligB,47.16,T1B5(0-2cmbsf),Slope
boxB,91.06,T1B5(0-2cmbsf),Slope
alkM,25.38,T1B5(0-2cmbsf),Slope
ladA,0.24,T1B5(0-2cmbsf),Slope
arsM,273.01,T1B5(0-2cmbsf),Slope
arsB,258.41,T1B5(0-2cmbsf),Slope
arsC1,67,T1B5(0-2cmbsf),Slope
arsC2,130.29,T1B5(0-2cmbsf),Slope
aioA,9.83,T1B5(0-2cmbsf),Slope
selA,162.46,T1B5(0-2cmbsf),Slope
selD,156.09,T1B5(0-2cmbsf),Slope
selU,7.6,T1B5(0-2cmbsf),Slope
glk,183.08,T1B5(38-40cmbsf),Slope
pckA,304.91,T1B5(38-40cmbsf),Slope
CS,522.43,T1B5(38-40cmbsf),Slope
IDH,336.82,T1B5(38-40cmbsf),Slope
sucD,525.07,T1B5(38-40cmbsf),Slope
pta,77.24,T1B5(38-40cmbsf),Slope
ackA,17.04,T1B5(38-40cmbsf),Slope
ACS,625.06,T1B5(38-40cmbsf),Slope
porA,65.2,T1B5(38-40cmbsf),Slope
aclA,0.75,T1B5(38-40cmbsf),Slope
aclB,0.41,T1B5(38-40cmbsf),Slope
acsA,0,T1B5(38-40cmbsf),Slope
acsB,0,T1B5(38-40cmbsf),Slope
fhs,147.23,T1B5(38-40cmbsf),Slope
hpcs,141.98,T1B5(38-40cmbsf),Slope
4hbl,111.28,T1B5(38-40cmbsf),Slope
4hbd,182.61,T1B5(38-40cmbsf),Slope
rbcL,15.43,T1B5(38-40cmbsf),Slope
PRK,18.42,T1B5(38-40cmbsf),Slope
amt,471.09,T1B5(38-40cmbsf),Slope
gcvT,713.97,T1B5(38-40cmbsf),Slope
gdhA,381.45,T1B5(38-40cmbsf),Slope
amoA,40.52,T1B5(38-40cmbsf),Slope
hao,5.68,T1B5(38-40cmbsf),Slope
nxrA,6.2,T1B5(38-40cmbsf),Slope
narG,130.84,T1B5(38-40cmbsf),Slope
narB,1.98,T1B5(38-40cmbsf),Slope
napA,26.66,T1B5(38-40cmbsf),Slope
nirB,11.97,T1B5(38-40cmbsf),Slope
nrfA,12.36,T1B5(38-40cmbsf),Slope
nirA,4.98,T1B5(38-40cmbsf),Slope
nirK,258.81,T1B5(38-40cmbsf),Slope
norB,9.24,T1B5(38-40cmbsf),Slope
nosZ,8.05,T1B5(38-40cmbsf),Slope
sat,324.92,T1B5(38-40cmbsf),Slope
aprA,89.76,T1B5(38-40cmbsf),Slope
dsrA,0,T1B5(38-40cmbsf),Slope
phsA,10.97,T1B5(38-40cmbsf),Slope
sqr,136.07,T1B5(38-40cmbsf),Slope
cysH,310.49,T1B5(38-40cmbsf),Slope
sir,280.72,T1B5(38-40cmbsf),Slope
cysK,322.11,T1B5(38-40cmbsf),Slope
catA,136.31,T1B5(38-40cmbsf),Slope
catE,151.5,T1B5(38-40cmbsf),Slope
pcaH,113.79,T1B5(38-40cmbsf),Slope
ligB,26.24,T1B5(38-40cmbsf),Slope
boxB,101.1,T1B5(38-40cmbsf),Slope
alkM,16.26,T1B5(38-40cmbsf),Slope
ladA,2.04,T1B5(38-40cmbsf),Slope
arsM,390.92,T1B5(38-40cmbsf),Slope
arsB,166.37,T1B5(38-40cmbsf),Slope
arsC1,81.3,T1B5(38-40cmbsf),Slope
arsC2,135.51,T1B5(38-40cmbsf),Slope
aioA,29.25,T1B5(38-40cmbsf),Slope
selA,275.5,T1B5(38-40cmbsf),Slope
selD,237.33,T1B5(38-40cmbsf),Slope
selU,3.86,T1B5(38-40cmbsf),Slope
glk,118.87,T1B5(8-10cmbsf),Slope
pckA,301.52,T1B5(8-10cmbsf),Slope
CS,548.11,T1B5(8-10cmbsf),Slope
IDH,445.35,T1B5(8-10cmbsf),Slope
sucD,483.77,T1B5(8-10cmbsf),Slope
pta,51.3,T1B5(8-10cmbsf),Slope
ackA,15.05,T1B5(8-10cmbsf),Slope
ACS,608.42,T1B5(8-10cmbsf),Slope
porA,72.71,T1B5(8-10cmbsf),Slope
aclA,3.2,T1B5(8-10cmbsf),Slope
aclB,3.78,T1B5(8-10cmbsf),Slope
acsA,0,T1B5(8-10cmbsf),Slope
acsB,0,T1B5(8-10cmbsf),Slope
fhs,121.2,T1B5(8-10cmbsf),Slope
hpcs,250.87,T1B5(8-10cmbsf),Slope
4hbl,210.29,T1B5(8-10cmbsf),Slope
4hbd,301.46,T1B5(8-10cmbsf),Slope
rbcL,16.66,T1B5(8-10cmbsf),Slope
PRK,29.37,T1B5(8-10cmbsf),Slope
amt,505.09,T1B5(8-10cmbsf),Slope
gcvT,508.89,T1B5(8-10cmbsf),Slope
gdhA,368.56,T1B5(8-10cmbsf),Slope
amoA,53.85,T1B5(8-10cmbsf),Slope
hao,8.35,T1B5(8-10cmbsf),Slope
nxrA,9.19,T1B5(8-10cmbsf),Slope
narG,68.08,T1B5(8-10cmbsf),Slope
narB,2.99,T1B5(8-10cmbsf),Slope
napA,21.52,T1B5(8-10cmbsf),Slope
nirB,15.17,T1B5(8-10cmbsf),Slope
nrfA,9.99,T1B5(8-10cmbsf),Slope
nirA,0.68,T1B5(8-10cmbsf),Slope
nirK,374.57,T1B5(8-10cmbsf),Slope
norB,30.94,T1B5(8-10cmbsf),Slope
nosZ,8.44,T1B5(8-10cmbsf),Slope
sat,380.69,T1B5(8-10cmbsf),Slope
aprA,109.36,T1B5(8-10cmbsf),Slope
dsrA,0,T1B5(8-10cmbsf),Slope
phsA,8.74,T1B5(8-10cmbsf),Slope
sqr,34.76,T1B5(8-10cmbsf),Slope
cysH,549.58,T1B5(8-10cmbsf),Slope
sir,307.84,T1B5(8-10cmbsf),Slope
cysK,290.78,T1B5(8-10cmbsf),Slope
catA,223.45,T1B5(8-10cmbsf),Slope
catE,49.98,T1B5(8-10cmbsf),Slope
pcaH,123.16,T1B5(8-10cmbsf),Slope
ligB,47,T1B5(8-10cmbsf),Slope
boxB,92.17,T1B5(8-10cmbsf),Slope
alkM,37.71,T1B5(8-10cmbsf),Slope
ladA,0.08,T1B5(8-10cmbsf),Slope
arsM,217.83,T1B5(8-10cmbsf),Slope
arsB,257.3,T1B5(8-10cmbsf),Slope
arsC1,88.01,T1B5(8-10cmbsf),Slope
arsC2,102.72,T1B5(8-10cmbsf),Slope
aioA,12.84,T1B5(8-10cmbsf),Slope
selA,116.12,T1B5(8-10cmbsf),Slope
selD,116.09,T1B5(8-10cmbsf),Slope
selU,3.35,T1B5(8-10cmbsf),Slope
glk,175.19,T1B8(2-4cmbsf),Slope
pckA,303.52,T1B8(2-4cmbsf),Slope
CS,502.64,T1B8(2-4cmbsf),Slope
IDH,401.73,T1B8(2-4cmbsf),Slope
sucD,483.57,T1B8(2-4cmbsf),Slope
pta,65.51,T1B8(2-4cmbsf),Slope
ackA,37.41,T1B8(2-4cmbsf),Slope
ACS,620.13,T1B8(2-4cmbsf),Slope
porA,47.08,T1B8(2-4cmbsf),Slope
aclA,3.3,T1B8(2-4cmbsf),Slope
aclB,3.16,T1B8(2-4cmbsf),Slope
acsA,0,T1B8(2-4cmbsf),Slope
acsB,0,T1B8(2-4cmbsf),Slope
fhs,130.8,T1B8(2-4cmbsf),Slope
hpcs,172.49,T1B8(2-4cmbsf),Slope
4hbl,141.44,T1B8(2-4cmbsf),Slope
4hbd,201.23,T1B8(2-4cmbsf),Slope
rbcL,15.27,T1B8(2-4cmbsf),Slope
PRK,13.75,T1B8(2-4cmbsf),Slope
amt,411.19,T1B8(2-4cmbsf),Slope
gcvT,587.4,T1B8(2-4cmbsf),Slope
gdhA,363.18,T1B8(2-4cmbsf),Slope
amoA,36.65,T1B8(2-4cmbsf),Slope
hao,7.96,T1B8(2-4cmbsf),Slope
nxrA,4.78,T1B8(2-4cmbsf),Slope
narG,109.79,T1B8(2-4cmbsf),Slope
narB,2.28,T1B8(2-4cmbsf),Slope
napA,20.49,T1B8(2-4cmbsf),Slope
nirB,18.74,T1B8(2-4cmbsf),Slope
nrfA,18.57,T1B8(2-4cmbsf),Slope
nirA,0.74,T1B8(2-4cmbsf),Slope
nirK,261.5,T1B8(2-4cmbsf),Slope
norB,25.82,T1B8(2-4cmbsf),Slope
nosZ,6.22,T1B8(2-4cmbsf),Slope
sat,305.28,T1B8(2-4cmbsf),Slope
aprA,80.43,T1B8(2-4cmbsf),Slope
dsrA,0.03,T1B8(2-4cmbsf),Slope
phsA,11.14,T1B8(2-4cmbsf),Slope
sqr,99.47,T1B8(2-4cmbsf),Slope
cysH,385.61,T1B8(2-4cmbsf),Slope
sir,248.26,T1B8(2-4cmbsf),Slope
cysK,292.93,T1B8(2-4cmbsf),Slope
catA,147.24,T1B8(2-4cmbsf),Slope
catE,122.57,T1B8(2-4cmbsf),Slope
pcaH,114.74,T1B8(2-4cmbsf),Slope
ligB,42.5,T1B8(2-4cmbsf),Slope
boxB,81.43,T1B8(2-4cmbsf),Slope
alkM,36.47,T1B8(2-4cmbsf),Slope
ladA,1.64,T1B8(2-4cmbsf),Slope
arsM,321.46,T1B8(2-4cmbsf),Slope
arsB,167.28,T1B8(2-4cmbsf),Slope
arsC1,92.17,T1B8(2-4cmbsf),Slope
arsC2,125.55,T1B8(2-4cmbsf),Slope
aioA,22.33,T1B8(2-4cmbsf),Slope
selA,205.03,T1B8(2-4cmbsf),Slope
selD,166.56,T1B8(2-4cmbsf),Slope
selU,11.58,T1B8(2-4cmbsf),Slope
glk,215.14,T1B8(16-18cmbsf),Slope
pckA,288.76,T1B8(16-18cmbsf),Slope
CS,507.64,T1B8(16-18cmbsf),Slope
IDH,346.93,T1B8(16-18cmbsf),Slope
sucD,559.63,T1B8(16-18cmbsf),Slope
pta,62.07,T1B8(16-18cmbsf),Slope
ackA,45.01,T1B8(16-18cmbsf),Slope
ACS,644.87,T1B8(16-18cmbsf),Slope
porA,54.51,T1B8(16-18cmbsf),Slope
aclA,2.31,T1B8(16-18cmbsf),Slope
aclB,2.07,T1B8(16-18cmbsf),Slope
acsA,0,T1B8(16-18cmbsf),Slope
acsB,0,T1B8(16-18cmbsf),Slope
fhs,157.44,T1B8(16-18cmbsf),Slope
hpcs,83.44,T1B8(16-18cmbsf),Slope
4hbl,68.82,T1B8(16-18cmbsf),Slope
4hbd,112.31,T1B8(16-18cmbsf),Slope
rbcL,19.97,T1B8(16-18cmbsf),Slope
PRK,18.05,T1B8(16-18cmbsf),Slope
amt,407.44,T1B8(16-18cmbsf),Slope
gcvT,875.49,T1B8(16-18cmbsf),Slope
gdhA,359.31,T1B8(16-18cmbsf),Slope
amoA,30.82,T1B8(16-18cmbsf),Slope
hao,4.1,T1B8(16-18cmbsf),Slope
nxrA,4.18,T1B8(16-18cmbsf),Slope
narG,258.44,T1B8(16-18cmbsf),Slope
narB,1.78,T1B8(16-18cmbsf),Slope
napA,29.27,T1B8(16-18cmbsf),Slope
nirB,49.83,T1B8(16-18cmbsf),Slope
nrfA,17.42,T1B8(16-18cmbsf),Slope
nirA,7.87,T1B8(16-18cmbsf),Slope
nirK,194.54,T1B8(16-18cmbsf),Slope
norB,22.36,T1B8(16-18cmbsf),Slope
nosZ,9.13,T1B8(16-18cmbsf),Slope
sat,299.75,T1B8(16-18cmbsf),Slope
aprA,87.01,T1B8(16-18cmbsf),Slope
dsrA,0.55,T1B8(16-18cmbsf),Slope
phsA,8.03,T1B8(16-18cmbsf),Slope
sqr,128.33,T1B8(16-18cmbsf),Slope
cysH,285.93,T1B8(16-18cmbsf),Slope
sir,253.71,T1B8(16-18cmbsf),Slope
cysK,359.53,T1B8(16-18cmbsf),Slope
catA,80.66,T1B8(16-18cmbsf),Slope
catE,150.29,T1B8(16-18cmbsf),Slope
pcaH,119.32,T1B8(16-18cmbsf),Slope
ligB,37.19,T1B8(16-18cmbsf),Slope
boxB,95.71,T1B8(16-18cmbsf),Slope
alkM,27.93,T1B8(16-18cmbsf),Slope
ladA,2.03,T1B8(16-18cmbsf),Slope
arsM,425.07,T1B8(16-18cmbsf),Slope
arsB,121.01,T1B8(16-18cmbsf),Slope
arsC1,86.87,T1B8(16-18cmbsf),Slope
arsC2,137.27,T1B8(16-18cmbsf),Slope
aioA,28.75,T1B8(16-18cmbsf),Slope
selA,273.35,T1B8(16-18cmbsf),Slope
selD,262.9,T1B8(16-18cmbsf),Slope
selU,4.83,T1B8(16-18cmbsf),Slope
glk,145.89,T1B10(36-38cmbsf),Slope
pckA,281.4,T1B10(36-38cmbsf),Slope
CS,492.49,T1B10(36-38cmbsf),Slope
IDH,385.15,T1B10(36-38cmbsf),Slope
sucD,351.83,T1B10(36-38cmbsf),Slope
pta,102.72,T1B10(36-38cmbsf),Slope
ackA,18.24,T1B10(36-38cmbsf),Slope
ACS,514.17,T1B10(36-38cmbsf),Slope
porA,50.5,T1B10(36-38cmbsf),Slope
aclA,0,T1B10(36-38cmbsf),Slope
aclB,0,T1B10(36-38cmbsf),Slope
acsA,0,T1B10(36-38cmbsf),Slope
acsB,0,T1B10(36-38cmbsf),Slope
fhs,117.3,T1B10(36-38cmbsf),Slope
hpcs,139.96,T1B10(36-38cmbsf),Slope
4hbl,126.57,T1B10(36-38cmbsf),Slope
4hbd,175.65,T1B10(36-38cmbsf),Slope
rbcL,4.18,T1B10(36-38cmbsf),Slope
PRK,17.23,T1B10(36-38cmbsf),Slope
amt,407.28,T1B10(36-38cmbsf),Slope
gcvT,553.33,T1B10(36-38cmbsf),Slope
gdhA,347.44,T1B10(36-38cmbsf),Slope
amoA,42.4,T1B10(36-38cmbsf),Slope
hao,0.54,T1B10(36-38cmbsf),Slope
nxrA,5.42,T1B10(36-38cmbsf),Slope
narG,157.48,T1B10(36-38cmbsf),Slope
narB,6.6,T1B10(36-38cmbsf),Slope
napA,15.24,T1B10(36-38cmbsf),Slope
nirB,9.96,T1B10(36-38cmbsf),Slope
nrfA,14.09,T1B10(36-38cmbsf),Slope
nirA,0.73,T1B10(36-38cmbsf),Slope
nirK,288.35,T1B10(36-38cmbsf),Slope
norB,25.17,T1B10(36-38cmbsf),Slope
nosZ,3.74,T1B10(36-38cmbsf),Slope
sat,285.51,T1B10(36-38cmbsf),Slope
aprA,74.06,T1B10(36-38cmbsf),Slope
dsrA,0.23,T1B10(36-38cmbsf),Slope
phsA,2.1,T1B10(36-38cmbsf),Slope
sqr,185.73,T1B10(36-38cmbsf),Slope
cysH,348.79,T1B10(36-38cmbsf),Slope
sir,208.58,T1B10(36-38cmbsf),Slope
cysK,240.64,T1B10(36-38cmbsf),Slope
catA,145.28,T1B10(36-38cmbsf),Slope
catE,102.83,T1B10(36-38cmbsf),Slope
pcaH,106.15,T1B10(36-38cmbsf),Slope
ligB,28.22,T1B10(36-38cmbsf),Slope
boxB,62.68,T1B10(36-38cmbsf),Slope
alkM,26.75,T1B10(36-38cmbsf),Slope
ladA,1.14,T1B10(36-38cmbsf),Slope
arsM,330.61,T1B10(36-38cmbsf),Slope
arsB,215.42,T1B10(36-38cmbsf),Slope
arsC1,120.15,T1B10(36-38cmbsf),Slope
arsC2,181,T1B10(36-38cmbsf),Slope
aioA,8.94,T1B10(36-38cmbsf),Slope
selA,172.46,T1B10(36-38cmbsf),Slope
selD,157.86,T1B10(36-38cmbsf),Slope
selU,16.62,T1B10(36-38cmbsf),Slope
glk,219.53,T1B10(0-2cmbsf),Slope
pckA,297.73,T1B10(0-2cmbsf),Slope
CS,546.22,T1B10(0-2cmbsf),Slope
IDH,412.19,T1B10(0-2cmbsf),Slope
sucD,427.11,T1B10(0-2cmbsf),Slope
pta,45.51,T1B10(0-2cmbsf),Slope
ackA,27.34,T1B10(0-2cmbsf),Slope
ACS,572.45,T1B10(0-2cmbsf),Slope
porA,78.72,T1B10(0-2cmbsf),Slope
aclA,0,T1B10(0-2cmbsf),Slope
aclB,0,T1B10(0-2cmbsf),Slope
acsA,0,T1B10(0-2cmbsf),Slope
acsB,0,T1B10(0-2cmbsf),Slope
fhs,173.99,T1B10(0-2cmbsf),Slope
hpcs,154.3,T1B10(0-2cmbsf),Slope
4hbl,82.61,T1B10(0-2cmbsf),Slope
4hbd,153.9,T1B10(0-2cmbsf),Slope
rbcL,4.34,T1B10(0-2cmbsf),Slope
PRK,28.88,T1B10(0-2cmbsf),Slope
amt,490.25,T1B10(0-2cmbsf),Slope
gcvT,624.49,T1B10(0-2cmbsf),Slope
gdhA,381.65,T1B10(0-2cmbsf),Slope
amoA,48.3,T1B10(0-2cmbsf),Slope
hao,0,T1B10(0-2cmbsf),Slope
nxrA,2.71,T1B10(0-2cmbsf),Slope
narG,136.04,T1B10(0-2cmbsf),Slope
narB,2.45,T1B10(0-2cmbsf),Slope
napA,31.92,T1B10(0-2cmbsf),Slope
nirB,22.12,T1B10(0-2cmbsf),Slope
nrfA,13.87,T1B10(0-2cmbsf),Slope
nirA,3.01,T1B10(0-2cmbsf),Slope
nirK,385,T1B10(0-2cmbsf),Slope
norB,32.88,T1B10(0-2cmbsf),Slope
nosZ,12.02,T1B10(0-2cmbsf),Slope
sat,263.48,T1B10(0-2cmbsf),Slope
aprA,131.09,T1B10(0-2cmbsf),Slope
dsrA,0,T1B10(0-2cmbsf),Slope
phsA,0.6,T1B10(0-2cmbsf),Slope
sqr,113.34,T1B10(0-2cmbsf),Slope
cysH,296.29,T1B10(0-2cmbsf),Slope
sir,221.9,T1B10(0-2cmbsf),Slope
cysK,303.8,T1B10(0-2cmbsf),Slope
catA,103.91,T1B10(0-2cmbsf),Slope
catE,145.75,T1B10(0-2cmbsf),Slope
pcaH,98.68,T1B10(0-2cmbsf),Slope
ligB,40.83,T1B10(0-2cmbsf),Slope
boxB,68.14,T1B10(0-2cmbsf),Slope
alkM,41.01,T1B10(0-2cmbsf),Slope
ladA,4.38,T1B10(0-2cmbsf),Slope
arsM,465.45,T1B10(0-2cmbsf),Slope
arsB,215.65,T1B10(0-2cmbsf),Slope
arsC1,163.14,T1B10(0-2cmbsf),Slope
arsC2,169.97,T1B10(0-2cmbsf),Slope
aioA,11.21,T1B10(0-2cmbsf),Slope
selA,233.01,T1B10(0-2cmbsf),Slope
selD,217.31,T1B10(0-2cmbsf),Slope
selU,7.44,T1B10(0-2cmbsf),Slope
glk,183.98,T1B10(44-46cmbsf),Slope
pckA,295.46,T1B10(44-46cmbsf),Slope
CS,476.01,T1B10(44-46cmbsf),Slope
IDH,384.74,T1B10(44-46cmbsf),Slope
sucD,379.97,T1B10(44-46cmbsf),Slope
pta,101.02,T1B10(44-46cmbsf),Slope
ackA,16.47,T1B10(44-46cmbsf),Slope
ACS,545.18,T1B10(44-46cmbsf),Slope
porA,59.81,T1B10(44-46cmbsf),Slope
aclA,0.05,T1B10(44-46cmbsf),Slope
aclB,0.08,T1B10(44-46cmbsf),Slope
acsA,0,T1B10(44-46cmbsf),Slope
acsB,0,T1B10(44-46cmbsf),Slope
fhs,124.27,T1B10(44-46cmbsf),Slope
hpcs,96.81,T1B10(44-46cmbsf),Slope
4hbl,101.54,T1B10(44-46cmbsf),Slope
4hbd,134.62,T1B10(44-46cmbsf),Slope
rbcL,2.16,T1B10(44-46cmbsf),Slope
PRK,13.07,T1B10(44-46cmbsf),Slope
amt,429.21,T1B10(44-46cmbsf),Slope
gcvT,537.38,T1B10(44-46cmbsf),Slope
gdhA,311.65,T1B10(44-46cmbsf),Slope
amoA,43.01,T1B10(44-46cmbsf),Slope
hao,0.33,T1B10(44-46cmbsf),Slope
nxrA,4.47,T1B10(44-46cmbsf),Slope
narG,174.42,T1B10(44-46cmbsf),Slope
narB,10.25,T1B10(44-46cmbsf),Slope
napA,26.88,T1B10(44-46cmbsf),Slope
nirB,24.6,T1B10(44-46cmbsf),Slope
nrfA,13.35,T1B10(44-46cmbsf),Slope
nirA,1.45,T1B10(44-46cmbsf),Slope
nirK,268.19,T1B10(44-46cmbsf),Slope
norB,19.45,T1B10(44-46cmbsf),Slope
nosZ,4.19,T1B10(44-46cmbsf),Slope
sat,245.57,T1B10(44-46cmbsf),Slope
aprA,106.44,T1B10(44-46cmbsf),Slope
dsrA,0.53,T1B10(44-46cmbsf),Slope
phsA,8.15,T1B10(44-46cmbsf),Slope
sqr,139.21,T1B10(44-46cmbsf),Slope
cysH,283.59,T1B10(44-46cmbsf),Slope
sir,215.39,T1B10(44-46cmbsf),Slope
cysK,288.86,T1B10(44-46cmbsf),Slope
catA,109.88,T1B10(44-46cmbsf),Slope
catE,122.97,T1B10(44-46cmbsf),Slope
pcaH,103.99,T1B10(44-46cmbsf),Slope
ligB,20.24,T1B10(44-46cmbsf),Slope
boxB,61.86,T1B10(44-46cmbsf),Slope
alkM,26.38,T1B10(44-46cmbsf),Slope
ladA,0.91,T1B10(44-46cmbsf),Slope
arsM,335.17,T1B10(44-46cmbsf),Slope
arsB,164.36,T1B10(44-46cmbsf),Slope
arsC1,123.39,T1B10(44-46cmbsf),Slope
arsC2,185.92,T1B10(44-46cmbsf),Slope
aioA,16.62,T1B10(44-46cmbsf),Slope
selA,189.59,T1B10(44-46cmbsf),Slope
selD,184.61,T1B10(44-46cmbsf),Slope
selU,15.12,T1B10(44-46cmbsf),Slope
glk,244.85,T1B11(0-3cmbsf),Slope
pckA,278.97,T1B11(0-3cmbsf),Slope
CS,450.92,T1B11(0-3cmbsf),Slope
IDH,363.18,T1B11(0-3cmbsf),Slope
sucD,361.42,T1B11(0-3cmbsf),Slope
pta,64.08,T1B11(0-3cmbsf),Slope
ackA,1.25,T1B11(0-3cmbsf),Slope
ACS,593.69,T1B11(0-3cmbsf),Slope
porA,91.67,T1B11(0-3cmbsf),Slope
aclA,0,T1B11(0-3cmbsf),Slope
aclB,0,T1B11(0-3cmbsf),Slope
acsA,0,T1B11(0-3cmbsf),Slope
acsB,0,T1B11(0-3cmbsf),Slope
fhs,151.83,T1B11(0-3cmbsf),Slope
hpcs,73.08,T1B11(0-3cmbsf),Slope
4hbl,92.97,T1B11(0-3cmbsf),Slope
4hbd,98.8,T1B11(0-3cmbsf),Slope
rbcL,5.1,T1B11(0-3cmbsf),Slope
PRK,7.86,T1B11(0-3cmbsf),Slope
amt,361.42,T1B11(0-3cmbsf),Slope
gcvT,445.47,T1B11(0-3cmbsf),Slope
gdhA,346.61,T1B11(0-3cmbsf),Slope
amoA,67.65,T1B11(0-3cmbsf),Slope
hao,0,T1B11(0-3cmbsf),Slope
nxrA,4.14,T1B11(0-3cmbsf),Slope
narG,33.65,T1B11(0-3cmbsf),Slope
narB,1.11,T1B11(0-3cmbsf),Slope
napA,8.87,T1B11(0-3cmbsf),Slope
nirB,13.41,T1B11(0-3cmbsf),Slope
nrfA,1.76,T1B11(0-3cmbsf),Slope
nirA,5.32,T1B11(0-3cmbsf),Slope
nirK,188.3,T1B11(0-3cmbsf),Slope
norB,9.31,T1B11(0-3cmbsf),Slope
nosZ,0.82,T1B11(0-3cmbsf),Slope
sat,305.11,T1B11(0-3cmbsf),Slope
aprA,152.55,T1B11(0-3cmbsf),Slope
dsrA,0.44,T1B11(0-3cmbsf),Slope
phsA,15.86,T1B11(0-3cmbsf),Slope
sqr,120.56,T1B11(0-3cmbsf),Slope
cysH,184.81,T1B11(0-3cmbsf),Slope
sir,192.84,T1B11(0-3cmbsf),Slope
cysK,207.8,T1B11(0-3cmbsf),Slope
catA,82.09,T1B11(0-3cmbsf),Slope
catE,271.17,T1B11(0-3cmbsf),Slope
pcaH,69.87,T1B11(0-3cmbsf),Slope
ligB,33.26,T1B11(0-3cmbsf),Slope
boxB,74.98,T1B11(0-3cmbsf),Slope
alkM,9.95,T1B11(0-3cmbsf),Slope
ladA,18.54,T1B11(0-3cmbsf),Slope
arsM,499.93,T1B11(0-3cmbsf),Slope
arsB,112.87,T1B11(0-3cmbsf),Slope
arsC1,68.81,T1B11(0-3cmbsf),Slope
arsC2,173.22,T1B11(0-3cmbsf),Slope
aioA,15.27,T1B11(0-3cmbsf),Slope
selA,254.08,T1B11(0-3cmbsf),Slope
selD,229.79,T1B11(0-3cmbsf),Slope
selU,9.78,T1B11(0-3cmbsf),Slope
glk,185.35,T1L6T1(0-2cmbsf),Slope
pckA,284,T1L6T1(0-2cmbsf),Slope
CS,504.7,T1L6T1(0-2cmbsf),Slope
IDH,381.31,T1L6T1(0-2cmbsf),Slope
sucD,471.81,T1L6T1(0-2cmbsf),Slope
pta,77.48,T1L6T1(0-2cmbsf),Slope
ackA,19.7,T1L6T1(0-2cmbsf),Slope
ACS,612.27,T1L6T1(0-2cmbsf),Slope
porA,68.21,T1L6T1(0-2cmbsf),Slope
aclA,0.76,T1L6T1(0-2cmbsf),Slope
aclB,1.89,T1L6T1(0-2cmbsf),Slope
acsA,0,T1L6T1(0-2cmbsf),Slope
acsB,0,T1L6T1(0-2cmbsf),Slope
fhs,135,T1L6T1(0-2cmbsf),Slope
hpcs,125.32,T1L6T1(0-2cmbsf),Slope
4hbl,148.78,T1L6T1(0-2cmbsf),Slope
4hbd,187.15,T1L6T1(0-2cmbsf),Slope
rbcL,12.71,T1L6T1(0-2cmbsf),Slope
PRK,23.68,T1L6T1(0-2cmbsf),Slope
amt,412.83,T1L6T1(0-2cmbsf),Slope
gcvT,444.03,T1L6T1(0-2cmbsf),Slope
gdhA,322.95,T1L6T1(0-2cmbsf),Slope
amoA,123.69,T1L6T1(0-2cmbsf),Slope
hao,1.49,T1L6T1(0-2cmbsf),Slope
nxrA,7.44,T1L6T1(0-2cmbsf),Slope
narG,40.34,T1L6T1(0-2cmbsf),Slope
narB,1.36,T1L6T1(0-2cmbsf),Slope
napA,10.41,T1L6T1(0-2cmbsf),Slope
nirB,11.19,T1L6T1(0-2cmbsf),Slope
nrfA,10.56,T1L6T1(0-2cmbsf),Slope
nirA,3.04,T1L6T1(0-2cmbsf),Slope
nirK,244.05,T1L6T1(0-2cmbsf),Slope
norB,16.89,T1L6T1(0-2cmbsf),Slope
nosZ,4.46,T1L6T1(0-2cmbsf),Slope
sat,336.02,T1L6T1(0-2cmbsf),Slope
aprA,104.36,T1L6T1(0-2cmbsf),Slope
dsrA,0.28,T1L6T1(0-2cmbsf),Slope
phsA,5.24,T1L6T1(0-2cmbsf),Slope
sqr,145.72,T1L6T1(0-2cmbsf),Slope
cysH,278.64,T1L6T1(0-2cmbsf),Slope
sir,232.25,T1L6T1(0-2cmbsf),Slope
cysK,257.5,T1L6T1(0-2cmbsf),Slope
catA,102.44,T1L6T1(0-2cmbsf),Slope
catE,92.38,T1L6T1(0-2cmbsf),Slope
pcaH,139.06,T1L6T1(0-2cmbsf),Slope
ligB,28.95,T1L6T1(0-2cmbsf),Slope
boxB,79.76,T1L6T1(0-2cmbsf),Slope
alkM,31.03,T1L6T1(0-2cmbsf),Slope
ladA,0.39,T1L6T1(0-2cmbsf),Slope
arsM,308.79,T1L6T1(0-2cmbsf),Slope
arsB,211.25,T1L6T1(0-2cmbsf),Slope
arsC1,83.37,T1L6T1(0-2cmbsf),Slope
arsC2,124.17,T1L6T1(0-2cmbsf),Slope
aioA,9.35,T1L6T1(0-2cmbsf),Slope
selA,158.03,T1L6T1(0-2cmbsf),Slope
selD,183.93,T1L6T1(0-2cmbsf),Slope
selU,10.35,T1L6T1(0-2cmbsf),Slope
glk,172.29,T1L6T2(0-2cmbsf),Slope
pckA,306.41,T1L6T2(0-2cmbsf),Slope
CS,495.67,T1L6T2(0-2cmbsf),Slope
IDH,388.03,T1L6T2(0-2cmbsf),Slope
sucD,445.24,T1L6T2(0-2cmbsf),Slope
pta,73.7,T1L6T2(0-2cmbsf),Slope
ackA,26.14,T1L6T2(0-2cmbsf),Slope
ACS,596.99,T1L6T2(0-2cmbsf),Slope
porA,55.65,T1L6T2(0-2cmbsf),Slope
aclA,0.32,T1L6T2(0-2cmbsf),Slope
aclB,1.51,T1L6T2(0-2cmbsf),Slope
acsA,0,T1L6T2(0-2cmbsf),Slope
acsB,0,T1L6T2(0-2cmbsf),Slope
fhs,122.04,T1L6T2(0-2cmbsf),Slope
hpcs,118.59,T1L6T2(0-2cmbsf),Slope
4hbl,148.08,T1L6T2(0-2cmbsf),Slope
4hbd,159.28,T1L6T2(0-2cmbsf),Slope
rbcL,18.45,T1L6T2(0-2cmbsf),Slope
PRK,21.2,T1L6T2(0-2cmbsf),Slope
amt,432.55,T1L6T2(0-2cmbsf),Slope
gcvT,478.29,T1L6T2(0-2cmbsf),Slope
gdhA,325.52,T1L6T2(0-2cmbsf),Slope
amoA,137.48,T1L6T2(0-2cmbsf),Slope
hao,0.7,T1L6T2(0-2cmbsf),Slope
nxrA,10.46,T1L6T2(0-2cmbsf),Slope
narG,20,T1L6T2(0-2cmbsf),Slope
narB,1.58,T1L6T2(0-2cmbsf),Slope
napA,16,T1L6T2(0-2cmbsf),Slope
nirB,17.29,T1L6T2(0-2cmbsf),Slope
nrfA,21.73,T1L6T2(0-2cmbsf),Slope
nirA,2.79,T1L6T2(0-2cmbsf),Slope
nirK,199.37,T1L6T2(0-2cmbsf),Slope
norB,25.56,T1L6T2(0-2cmbsf),Slope
nosZ,12.27,T1L6T2(0-2cmbsf),Slope
sat,321.33,T1L6T2(0-2cmbsf),Slope
aprA,79.14,T1L6T2(0-2cmbsf),Slope
dsrA,0,T1L6T2(0-2cmbsf),Slope
phsA,9.88,T1L6T2(0-2cmbsf),Slope
sqr,129.52,T1L6T2(0-2cmbsf),Slope
cysH,261.77,T1L6T2(0-2cmbsf),Slope
sir,238.49,T1L6T2(0-2cmbsf),Slope
cysK,255.58,T1L6T2(0-2cmbsf),Slope
catA,54.19,T1L6T2(0-2cmbsf),Slope
catE,74.87,T1L6T2(0-2cmbsf),Slope
pcaH,133.17,T1L6T2(0-2cmbsf),Slope
ligB,39.33,T1L6T2(0-2cmbsf),Slope
boxB,72.88,T1L6T2(0-2cmbsf),Slope
alkM,37.37,T1L6T2(0-2cmbsf),Slope
ladA,0.44,T1L6T2(0-2cmbsf),Slope
arsM,283.02,T1L6T2(0-2cmbsf),Slope
arsB,217.25,T1L6T2(0-2cmbsf),Slope
arsC1,112,T1L6T2(0-2cmbsf),Slope
arsC2,143.97,T1L6T2(0-2cmbsf),Slope
aioA,7.15,T1L6T2(0-2cmbsf),Slope
selA,148.25,T1L6T2(0-2cmbsf),Slope
selD,200.93,T1L6T2(0-2cmbsf),Slope
selU,8.45,T1L6T2(0-2cmbsf),Slope
glk,253,T1L10(0-3cmbsf),Bottom-axis
pckA,282.2,T1L10(0-3cmbsf),Bottom-axis
CS,472.91,T1L10(0-3cmbsf),Bottom-axis
IDH,329.32,T1L10(0-3cmbsf),Bottom-axis
sucD,401.64,T1L10(0-3cmbsf),Bottom-axis
pta,51,T1L10(0-3cmbsf),Bottom-axis
ackA,18.07,T1L10(0-3cmbsf),Bottom-axis
ACS,575.55,T1L10(0-3cmbsf),Bottom-axis
porA,58.27,T1L10(0-3cmbsf),Bottom-axis
aclA,0,T1L10(0-3cmbsf),Bottom-axis
aclB,0,T1L10(0-3cmbsf),Bottom-axis
acsA,0,T1L10(0-3cmbsf),Bottom-axis
acsB,0,T1L10(0-3cmbsf),Bottom-axis
fhs,135.03,T1L10(0-3cmbsf),Bottom-axis
hpcs,79.85,T1L10(0-3cmbsf),Bottom-axis
4hbl,90.33,T1L10(0-3cmbsf),Bottom-axis
4hbd,104.23,T1L10(0-3cmbsf),Bottom-axis
rbcL,1.76,T1L10(0-3cmbsf),Bottom-axis
PRK,10.16,T1L10(0-3cmbsf),Bottom-axis
amt,424.36,T1L10(0-3cmbsf),Bottom-axis
gcvT,452.17,T1L10(0-3cmbsf),Bottom-axis
gdhA,389.01,T1L10(0-3cmbsf),Bottom-axis
amoA,110.4,T1L10(0-3cmbsf),Bottom-axis
hao,0,T1L10(0-3cmbsf),Bottom-axis
nxrA,1.32,T1L10(0-3cmbsf),Bottom-axis
narG,106.1,T1L10(0-3cmbsf),Bottom-axis
narB,6.67,T1L10(0-3cmbsf),Bottom-axis
napA,12.28,T1L10(0-3cmbsf),Bottom-axis
nirB,17.55,T1L10(0-3cmbsf),Bottom-axis
nrfA,24.89,T1L10(0-3cmbsf),Bottom-axis
nirA,2.55,T1L10(0-3cmbsf),Bottom-axis
nirK,228.11,T1L10(0-3cmbsf),Bottom-axis
norB,14.33,T1L10(0-3cmbsf),Bottom-axis
nosZ,6.85,T1L10(0-3cmbsf),Bottom-axis
sat,256.17,T1L10(0-3cmbsf),Bottom-axis
aprA,73.45,T1L10(0-3cmbsf),Bottom-axis
dsrA,2.76,T1L10(0-3cmbsf),Bottom-axis
phsA,1.23,T1L10(0-3cmbsf),Bottom-axis
sqr,188.59,T1L10(0-3cmbsf),Bottom-axis
cysH,189.48,T1L10(0-3cmbsf),Bottom-axis
sir,198.31,T1L10(0-3cmbsf),Bottom-axis
cysK,204.91,T1L10(0-3cmbsf),Bottom-axis
catA,25.23,T1L10(0-3cmbsf),Bottom-axis
catE,183.74,T1L10(0-3cmbsf),Bottom-axis
pcaH,48.11,T1L10(0-3cmbsf),Bottom-axis
ligB,43.31,T1L10(0-3cmbsf),Bottom-axis
boxB,48.62,T1L10(0-3cmbsf),Bottom-axis
alkM,29.28,T1L10(0-3cmbsf),Bottom-axis
ladA,0.92,T1L10(0-3cmbsf),Bottom-axis
arsM,399.09,T1L10(0-3cmbsf),Bottom-axis
arsB,199.47,T1L10(0-3cmbsf),Bottom-axis
arsC1,72.94,T1L10(0-3cmbsf),Bottom-axis
arsC2,162.7,T1L10(0-3cmbsf),Bottom-axis
aioA,28.16,T1L10(0-3cmbsf),Bottom-axis
selA,287.11,T1L10(0-3cmbsf),Bottom-axis
selD,230.69,T1L10(0-3cmbsf),Bottom-axis
selU,21.89,T1L10(0-3cmbsf),Bottom-axis
glk,263.72,T1L10(6-9cmbsf),Bottom-axis
pckA,269.86,T1L10(6-9cmbsf),Bottom-axis
CS,432.38,T1L10(6-9cmbsf),Bottom-axis
IDH,297.99,T1L10(6-9cmbsf),Bottom-axis
sucD,396.27,T1L10(6-9cmbsf),Bottom-axis
pta,57.86,T1L10(6-9cmbsf),Bottom-axis
ackA,20.57,T1L10(6-9cmbsf),Bottom-axis
ACS,549.24,T1L10(6-9cmbsf),Bottom-axis
porA,42.81,T1L10(6-9cmbsf),Bottom-axis
aclA,0,T1L10(6-9cmbsf),Bottom-axis
aclB,0,T1L10(6-9cmbsf),Bottom-axis
acsA,0,T1L10(6-9cmbsf),Bottom-axis
acsB,0,T1L10(6-9cmbsf),Bottom-axis
fhs,134.11,T1L10(6-9cmbsf),Bottom-axis
hpcs,73.68,T1L10(6-9cmbsf),Bottom-axis
4hbl,86.77,T1L10(6-9cmbsf),Bottom-axis
4hbd,102.87,T1L10(6-9cmbsf),Bottom-axis
rbcL,3.47,T1L10(6-9cmbsf),Bottom-axis
PRK,9.18,T1L10(6-9cmbsf),Bottom-axis
amt,452.87,T1L10(6-9cmbsf),Bottom-axis
gcvT,414.81,T1L10(6-9cmbsf),Bottom-axis
gdhA,415.43,T1L10(6-9cmbsf),Bottom-axis
amoA,83.63,T1L10(6-9cmbsf),Bottom-axis
hao,0,T1L10(6-9cmbsf),Bottom-axis
nxrA,0.24,T1L10(6-9cmbsf),Bottom-axis
narG,187.93,T1L10(6-9cmbsf),Bottom-axis
narB,6.08,T1L10(6-9cmbsf),Bottom-axis
napA,18.6,T1L10(6-9cmbsf),Bottom-axis
nirB,21.41,T1L10(6-9cmbsf),Bottom-axis
nrfA,17.11,T1L10(6-9cmbsf),Bottom-axis
nirA,1.59,T1L10(6-9cmbsf),Bottom-axis
nirK,217.79,T1L10(6-9cmbsf),Bottom-axis
norB,12.49,T1L10(6-9cmbsf),Bottom-axis
nosZ,9.11,T1L10(6-9cmbsf),Bottom-axis
sat,281,T1L10(6-9cmbsf),Bottom-axis
aprA,56.21,T1L10(6-9cmbsf),Bottom-axis
dsrA,4.27,T1L10(6-9cmbsf),Bottom-axis
phsA,1.16,T1L10(6-9cmbsf),Bottom-axis
sqr,256.54,T1L10(6-9cmbsf),Bottom-axis
cysH,204.3,T1L10(6-9cmbsf),Bottom-axis
sir,195.1,T1L10(6-9cmbsf),Bottom-axis
cysK,198.9,T1L10(6-9cmbsf),Bottom-axis
catA,19.56,T1L10(6-9cmbsf),Bottom-axis
catE,183.49,T1L10(6-9cmbsf),Bottom-axis
pcaH,56.43,T1L10(6-9cmbsf),Bottom-axis
ligB,29.07,T1L10(6-9cmbsf),Bottom-axis
boxB,57.01,T1L10(6-9cmbsf),Bottom-axis
alkM,25.48,T1L10(6-9cmbsf),Bottom-axis
ladA,2.19,T1L10(6-9cmbsf),Bottom-axis
arsM,381.66,T1L10(6-9cmbsf),Bottom-axis
arsB,174.9,T1L10(6-9cmbsf),Bottom-axis
arsC1,58.57,T1L10(6-9cmbsf),Bottom-axis
arsC2,172.23,T1L10(6-9cmbsf),Bottom-axis
aioA,47.89,T1L10(6-9cmbsf),Bottom-axis
selA,264.49,T1L10(6-9cmbsf),Bottom-axis
selD,229.85,T1L10(6-9cmbsf),Bottom-axis
selU,20.03,T1L10(6-9cmbsf),Bottom-axis
glk,239.9,T1L10(12-15cmbsf),Bottom-axis
pckA,254.87,T1L10(12-15cmbsf),Bottom-axis
CS,427.65,T1L10(12-15cmbsf),Bottom-axis
IDH,291.17,T1L10(12-15cmbsf),Bottom-axis
sucD,389.01,T1L10(12-15cmbsf),Bottom-axis
pta,65.59,T1L10(12-15cmbsf),Bottom-axis
ackA,16.1,T1L10(12-15cmbsf),Bottom-axis
ACS,520.31,T1L10(12-15cmbsf),Bottom-axis
porA,42.8,T1L10(12-15cmbsf),Bottom-axis
aclA,0.06,T1L10(12-15cmbsf),Bottom-axis
aclB,0,T1L10(12-15cmbsf),Bottom-axis
acsA,0,T1L10(12-15cmbsf),Bottom-axis
acsB,0,T1L10(12-15cmbsf),Bottom-axis
fhs,107.48,T1L10(12-15cmbsf),Bottom-axis
hpcs,71.72,T1L10(12-15cmbsf),Bottom-axis
4hbl,86.19,T1L10(12-15cmbsf),Bottom-axis
4hbd,102.21,T1L10(12-15cmbsf),Bottom-axis
rbcL,5.79,T1L10(12-15cmbsf),Bottom-axis
PRK,12.69,T1L10(12-15cmbsf),Bottom-axis
amt,446.02,T1L10(12-15cmbsf),Bottom-axis
gcvT,399.04,T1L10(12-15cmbsf),Bottom-axis
gdhA,358.06,T1L10(12-15cmbsf),Bottom-axis
amoA,94,T1L10(12-15cmbsf),Bottom-axis
hao,0.3,T1L10(12-15cmbsf),Bottom-axis
nxrA,0,T1L10(12-15cmbsf),Bottom-axis
narG,292.61,T1L10(12-15cmbsf),Bottom-axis
narB,10.17,T1L10(12-15cmbsf),Bottom-axis
napA,20.22,T1L10(12-15cmbsf),Bottom-axis
nirB,36.01,T1L10(12-15cmbsf),Bottom-axis
nrfA,11.14,T1L10(12-15cmbsf),Bottom-axis
nirA,4.22,T1L10(12-15cmbsf),Bottom-axis
nirK,227.74,T1L10(12-15cmbsf),Bottom-axis
norB,27.27,T1L10(12-15cmbsf),Bottom-axis
nosZ,3.03,T1L10(12-15cmbsf),Bottom-axis
sat,282.03,T1L10(12-15cmbsf),Bottom-axis
aprA,54.15,T1L10(12-15cmbsf),Bottom-axis
dsrA,6.96,T1L10(12-15cmbsf),Bottom-axis
phsA,1.77,T1L10(12-15cmbsf),Bottom-axis
sqr,222.73,T1L10(12-15cmbsf),Bottom-axis
cysH,223.86,T1L10(12-15cmbsf),Bottom-axis
sir,210.21,T1L10(12-15cmbsf),Bottom-axis
cysK,227.72,T1L10(12-15cmbsf),Bottom-axis
catA,27.12,T1L10(12-15cmbsf),Bottom-axis
catE,145.91,T1L10(12-15cmbsf),Bottom-axis
pcaH,53.94,T1L10(12-15cmbsf),Bottom-axis
ligB,21.16,T1L10(12-15cmbsf),Bottom-axis
boxB,58.91,T1L10(12-15cmbsf),Bottom-axis
alkM,18.54,T1L10(12-15cmbsf),Bottom-axis
ladA,1.12,T1L10(12-15cmbsf),Bottom-axis
arsM,346.75,T1L10(12-15cmbsf),Bottom-axis
arsB,177.27,T1L10(12-15cmbsf),Bottom-axis
arsC1,79.01,T1L10(12-15cmbsf),Bottom-axis
arsC2,166.43,T1L10(12-15cmbsf),Bottom-axis
aioA,65.34,T1L10(12-15cmbsf),Bottom-axis
selA,218.86,T1L10(12-15cmbsf),Bottom-axis
selD,185.29,T1L10(12-15cmbsf),Bottom-axis
selU,14.73,T1L10(12-15cmbsf),Bottom-axis
glk,253.69,T1L10(18-21cmbsf),Bottom-axis
pckA,241.56,T1L10(18-21cmbsf),Bottom-axis
CS,427.77,T1L10(18-21cmbsf),Bottom-axis
IDH,291.73,T1L10(18-21cmbsf),Bottom-axis
sucD,360.58,T1L10(18-21cmbsf),Bottom-axis
pta,93.5,T1L10(18-21cmbsf),Bottom-axis
ackA,41.09,T1L10(18-21cmbsf),Bottom-axis
ACS,456.52,T1L10(18-21cmbsf),Bottom-axis
porA,49.82,T1L10(18-21cmbsf),Bottom-axis
aclA,0,T1L10(18-21cmbsf),Bottom-axis
aclB,0,T1L10(18-21cmbsf),Bottom-axis
acsA,1.52,T1L10(18-21cmbsf),Bottom-axis
acsB,2.2,T1L10(18-21cmbsf),Bottom-axis
fhs,126.62,T1L10(18-21cmbsf),Bottom-axis
hpcs,30.57,T1L10(18-21cmbsf),Bottom-axis
4hbl,41,T1L10(18-21cmbsf),Bottom-axis
4hbd,47.72,T1L10(18-21cmbsf),Bottom-axis
rbcL,7.28,T1L10(18-21cmbsf),Bottom-axis
PRK,7.82,T1L10(18-21cmbsf),Bottom-axis
amt,442.04,T1L10(18-21cmbsf),Bottom-axis
gcvT,418.31,T1L10(18-21cmbsf),Bottom-axis
gdhA,368.28,T1L10(18-21cmbsf),Bottom-axis
amoA,38.76,T1L10(18-21cmbsf),Bottom-axis
hao,6.51,T1L10(18-21cmbsf),Bottom-axis
nxrA,1.22,T1L10(18-21cmbsf),Bottom-axis
narG,265.65,T1L10(18-21cmbsf),Bottom-axis
narB,23.72,T1L10(18-21cmbsf),Bottom-axis
napA,30.98,T1L10(18-21cmbsf),Bottom-axis
nirB,23.71,T1L10(18-21cmbsf),Bottom-axis
nrfA,20,T1L10(18-21cmbsf),Bottom-axis
nirA,3.76,T1L10(18-21cmbsf),Bottom-axis
nirK,157.44,T1L10(18-21cmbsf),Bottom-axis
norB,17.76,T1L10(18-21cmbsf),Bottom-axis
nosZ,15.63,T1L10(18-21cmbsf),Bottom-axis
sat,220.54,T1L10(18-21cmbsf),Bottom-axis
aprA,59.23,T1L10(18-21cmbsf),Bottom-axis
dsrA,20.38,T1L10(18-21cmbsf),Bottom-axis
phsA,2.52,T1L10(18-21cmbsf),Bottom-axis
sqr,185.61,T1L10(18-21cmbsf),Bottom-axis
cysH,192.89,T1L10(18-21cmbsf),Bottom-axis
sir,158.9,T1L10(18-21cmbsf),Bottom-axis
cysK,236.22,T1L10(18-21cmbsf),Bottom-axis
catA,18.34,T1L10(18-21cmbsf),Bottom-axis
catE,138.1,T1L10(18-21cmbsf),Bottom-axis
pcaH,76.99,T1L10(18-21cmbsf),Bottom-axis
ligB,19.2,T1L10(18-21cmbsf),Bottom-axis
boxB,50.88,T1L10(18-21cmbsf),Bottom-axis
alkM,29.99,T1L10(18-21cmbsf),Bottom-axis
ladA,0.73,T1L10(18-21cmbsf),Bottom-axis
arsM,351.7,T1L10(18-21cmbsf),Bottom-axis
arsB,125.21,T1L10(18-21cmbsf),Bottom-axis
arsC1,104.51,T1L10(18-21cmbsf),Bottom-axis
arsC2,220.22,T1L10(18-21cmbsf),Bottom-axis
aioA,49.85,T1L10(18-21cmbsf),Bottom-axis
selA,252.73,T1L10(18-21cmbsf),Bottom-axis
selD,224.06,T1L10(18-21cmbsf),Bottom-axis
selU,25.6,T1L10(18-21cmbsf),Bottom-axis
glk,257.35,T3L8(0-3cmbsf),Bottom-axis
pckA,257.9,T3L8(0-3cmbsf),Bottom-axis
CS,452.07,T3L8(0-3cmbsf),Bottom-axis
IDH,343.78,T3L8(0-3cmbsf),Bottom-axis
sucD,444.21,T3L8(0-3cmbsf),Bottom-axis
pta,75.01,T3L8(0-3cmbsf),Bottom-axis
ackA,21.49,T3L8(0-3cmbsf),Bottom-axis
ACS,590.35,T3L8(0-3cmbsf),Bottom-axis
porA,55.44,T3L8(0-3cmbsf),Bottom-axis
aclA,0.68,T3L8(0-3cmbsf),Bottom-axis
aclB,0,T3L8(0-3cmbsf),Bottom-axis
acsA,0,T3L8(0-3cmbsf),Bottom-axis
acsB,0.19,T3L8(0-3cmbsf),Bottom-axis
fhs,140.35,T3L8(0-3cmbsf),Bottom-axis
hpcs,75.61,T3L8(0-3cmbsf),Bottom-axis
4hbl,96.84,T3L8(0-3cmbsf),Bottom-axis
4hbd,101.56,T3L8(0-3cmbsf),Bottom-axis
rbcL,5.03,T3L8(0-3cmbsf),Bottom-axis
PRK,8.65,T3L8(0-3cmbsf),Bottom-axis
amt,453.82,T3L8(0-3cmbsf),Bottom-axis
gcvT,490.36,T3L8(0-3cmbsf),Bottom-axis
gdhA,374.21,T3L8(0-3cmbsf),Bottom-axis
amoA,86.52,T3L8(0-3cmbsf),Bottom-axis
hao,0,T3L8(0-3cmbsf),Bottom-axis
nxrA,0.4,T3L8(0-3cmbsf),Bottom-axis
narG,116.58,T3L8(0-3cmbsf),Bottom-axis
narB,11.74,T3L8(0-3cmbsf),Bottom-axis
napA,21.12,T3L8(0-3cmbsf),Bottom-axis
nirB,20.69,T3L8(0-3cmbsf),Bottom-axis
nrfA,12.11,T3L8(0-3cmbsf),Bottom-axis
nirA,2.28,T3L8(0-3cmbsf),Bottom-axis
nirK,231.61,T3L8(0-3cmbsf),Bottom-axis
norB,18.07,T3L8(0-3cmbsf),Bottom-axis
nosZ,1.47,T3L8(0-3cmbsf),Bottom-axis
sat,307.98,T3L8(0-3cmbsf),Bottom-axis
aprA,87.66,T3L8(0-3cmbsf),Bottom-axis
dsrA,4.4,T3L8(0-3cmbsf),Bottom-axis
phsA,0.98,T3L8(0-3cmbsf),Bottom-axis
sqr,234.21,T3L8(0-3cmbsf),Bottom-axis
cysH,215.35,T3L8(0-3cmbsf),Bottom-axis
sir,198.37,T3L8(0-3cmbsf),Bottom-axis
cysK,246.98,T3L8(0-3cmbsf),Bottom-axis
catA,26.06,T3L8(0-3cmbsf),Bottom-axis
catE,174.68,T3L8(0-3cmbsf),Bottom-axis
pcaH,69.86,T3L8(0-3cmbsf),Bottom-axis
ligB,38.69,T3L8(0-3cmbsf),Bottom-axis
boxB,61.23,T3L8(0-3cmbsf),Bottom-axis
alkM,21.65,T3L8(0-3cmbsf),Bottom-axis
ladA,5.67,T3L8(0-3cmbsf),Bottom-axis
arsM,357.4,T3L8(0-3cmbsf),Bottom-axis
arsB,199.57,T3L8(0-3cmbsf),Bottom-axis
arsC1,59.42,T3L8(0-3cmbsf),Bottom-axis
arsC2,158.22,T3L8(0-3cmbsf),Bottom-axis
aioA,38.36,T3L8(0-3cmbsf),Bottom-axis
selA,281.95,T3L8(0-3cmbsf),Bottom-axis
selD,231.86,T3L8(0-3cmbsf),Bottom-axis
selU,23.62,T3L8(0-3cmbsf),Bottom-axis
glk,249.36,T3L8(6-9cmbsf),Bottom-axis
pckA,249.99,T3L8(6-9cmbsf),Bottom-axis
CS,461.14,T3L8(6-9cmbsf),Bottom-axis
IDH,337.69,T3L8(6-9cmbsf),Bottom-axis
sucD,456.27,T3L8(6-9cmbsf),Bottom-axis
pta,79.11,T3L8(6-9cmbsf),Bottom-axis
ackA,22.2,T3L8(6-9cmbsf),Bottom-axis
ACS,609.21,T3L8(6-9cmbsf),Bottom-axis
porA,51.14,T3L8(6-9cmbsf),Bottom-axis
aclA,0,T3L8(6-9cmbsf),Bottom-axis
aclB,0,T3L8(6-9cmbsf),Bottom-axis
acsA,0,T3L8(6-9cmbsf),Bottom-axis
acsB,0.35,T3L8(6-9cmbsf),Bottom-axis
fhs,129.21,T3L8(6-9cmbsf),Bottom-axis
hpcs,81.67,T3L8(6-9cmbsf),Bottom-axis
4hbl,99.89,T3L8(6-9cmbsf),Bottom-axis
4hbd,100.77,T3L8(6-9cmbsf),Bottom-axis
rbcL,6.66,T3L8(6-9cmbsf),Bottom-axis
PRK,10.06,T3L8(6-9cmbsf),Bottom-axis
amt,489.38,T3L8(6-9cmbsf),Bottom-axis
gcvT,474.29,T3L8(6-9cmbsf),Bottom-axis
gdhA,389.05,T3L8(6-9cmbsf),Bottom-axis
amoA,86.31,T3L8(6-9cmbsf),Bottom-axis
hao,0,T3L8(6-9cmbsf),Bottom-axis
nxrA,0.64,T3L8(6-9cmbsf),Bottom-axis
narG,266.15,T3L8(6-9cmbsf),Bottom-axis
narB,16.56,T3L8(6-9cmbsf),Bottom-axis
napA,23.58,T3L8(6-9cmbsf),Bottom-axis
nirB,28.26,T3L8(6-9cmbsf),Bottom-axis
nrfA,10.3,T3L8(6-9cmbsf),Bottom-axis
nirA,1.71,T3L8(6-9cmbsf),Bottom-axis
nirK,244.49,T3L8(6-9cmbsf),Bottom-axis
norB,16.36,T3L8(6-9cmbsf),Bottom-axis
nosZ,3.17,T3L8(6-9cmbsf),Bottom-axis
sat,336.66,T3L8(6-9cmbsf),Bottom-axis
aprA,74.16,T3L8(6-9cmbsf),Bottom-axis
dsrA,7.71,T3L8(6-9cmbsf),Bottom-axis
phsA,2.45,T3L8(6-9cmbsf),Bottom-axis
sqr,238.29,T3L8(6-9cmbsf),Bottom-axis
cysH,227.67,T3L8(6-9cmbsf),Bottom-axis
sir,213.36,T3L8(6-9cmbsf),Bottom-axis
cysK,293.43,T3L8(6-9cmbsf),Bottom-axis
catA,21.63,T3L8(6-9cmbsf),Bottom-axis
catE,141.2,T3L8(6-9cmbsf),Bottom-axis
pcaH,70.03,T3L8(6-9cmbsf),Bottom-axis
ligB,32.01,T3L8(6-9cmbsf),Bottom-axis
boxB,52.84,T3L8(6-9cmbsf),Bottom-axis
alkM,19.35,T3L8(6-9cmbsf),Bottom-axis
ladA,3.37,T3L8(6-9cmbsf),Bottom-axis
arsM,351.51,T3L8(6-9cmbsf),Bottom-axis
arsB,166.08,T3L8(6-9cmbsf),Bottom-axis
arsC1,55.45,T3L8(6-9cmbsf),Bottom-axis
arsC2,187.03,T3L8(6-9cmbsf),Bottom-axis
aioA,77.73,T3L8(6-9cmbsf),Bottom-axis
selA,249.31,T3L8(6-9cmbsf),Bottom-axis
selD,208.59,T3L8(6-9cmbsf),Bottom-axis
selU,17.54,T3L8(6-9cmbsf),Bottom-axis
glk,234.43,T3L8(12-15cmbsf),Bottom-axis
pckA,220.91,T3L8(12-15cmbsf),Bottom-axis
CS,540.52,T3L8(12-15cmbsf),Bottom-axis
IDH,339.1,T3L8(12-15cmbsf),Bottom-axis
sucD,485.53,T3L8(12-15cmbsf),Bottom-axis
pta,141.36,T3L8(12-15cmbsf),Bottom-axis
ackA,44.16,T3L8(12-15cmbsf),Bottom-axis
ACS,547.86,T3L8(12-15cmbsf),Bottom-axis
porA,41.7,T3L8(12-15cmbsf),Bottom-axis
aclA,0,T3L8(12-15cmbsf),Bottom-axis
aclB,0,T3L8(12-15cmbsf),Bottom-axis
acsA,3.38,T3L8(12-15cmbsf),Bottom-axis
acsB,6.2,T3L8(12-15cmbsf),Bottom-axis
fhs,113.56,T3L8(12-15cmbsf),Bottom-axis
hpcs,50.74,T3L8(12-15cmbsf),Bottom-axis
4hbl,65.04,T3L8(12-15cmbsf),Bottom-axis
4hbd,75.04,T3L8(12-15cmbsf),Bottom-axis
rbcL,7.62,T3L8(12-15cmbsf),Bottom-axis
PRK,10.63,T3L8(12-15cmbsf),Bottom-axis
amt,506.85,T3L8(12-15cmbsf),Bottom-axis
gcvT,465.24,T3L8(12-15cmbsf),Bottom-axis
gdhA,414.35,T3L8(12-15cmbsf),Bottom-axis
amoA,50.56,T3L8(12-15cmbsf),Bottom-axis
hao,56.02,T3L8(12-15cmbsf),Bottom-axis
nxrA,8.61,T3L8(12-15cmbsf),Bottom-axis
narG,281.73,T3L8(12-15cmbsf),Bottom-axis
narB,27.24,T3L8(12-15cmbsf),Bottom-axis
napA,14.13,T3L8(12-15cmbsf),Bottom-axis
nirB,29.68,T3L8(12-15cmbsf),Bottom-axis
nrfA,12.07,T3L8(12-15cmbsf),Bottom-axis
nirA,2.85,T3L8(12-15cmbsf),Bottom-axis
nirK,188.51,T3L8(12-15cmbsf),Bottom-axis
norB,36.02,T3L8(12-15cmbsf),Bottom-axis
nosZ,3.28,T3L8(12-15cmbsf),Bottom-axis
sat,269.69,T3L8(12-15cmbsf),Bottom-axis
aprA,68.96,T3L8(12-15cmbsf),Bottom-axis
dsrA,23.2,T3L8(12-15cmbsf),Bottom-axis
phsA,3.84,T3L8(12-15cmbsf),Bottom-axis
sqr,208.08,T3L8(12-15cmbsf),Bottom-axis
cysH,186.04,T3L8(12-15cmbsf),Bottom-axis
sir,152.28,T3L8(12-15cmbsf),Bottom-axis
cysK,341.81,T3L8(12-15cmbsf),Bottom-axis
catA,13.54,T3L8(12-15cmbsf),Bottom-axis
catE,162.67,T3L8(12-15cmbsf),Bottom-axis
pcaH,61.92,T3L8(12-15cmbsf),Bottom-axis
ligB,17.83,T3L8(12-15cmbsf),Bottom-axis
boxB,38.71,T3L8(12-15cmbsf),Bottom-axis
alkM,16.77,T3L8(12-15cmbsf),Bottom-axis
ladA,1.74,T3L8(12-15cmbsf),Bottom-axis
arsM,308.72,T3L8(12-15cmbsf),Bottom-axis
arsB,114.58,T3L8(12-15cmbsf),Bottom-axis
arsC1,93.46,T3L8(12-15cmbsf),Bottom-axis
arsC2,234.81,T3L8(12-15cmbsf),Bottom-axis
aioA,89.53,T3L8(12-15cmbsf),Bottom-axis
selA,213.01,T3L8(12-15cmbsf),Bottom-axis
selD,211.09,T3L8(12-15cmbsf),Bottom-axis
selU,12.7,T3L8(12-15cmbsf),Bottom-axis
glk,325.46,T3L8(18-21cmbsf),Bottom-axis
pckA,169.58,T3L8(18-21cmbsf),Bottom-axis
CS,369.28,T3L8(18-21cmbsf),Bottom-axis
IDH,260.67,T3L8(18-21cmbsf),Bottom-axis
sucD,401.15,T3L8(18-21cmbsf),Bottom-axis
pta,129.87,T3L8(18-21cmbsf),Bottom-axis
ackA,37.93,T3L8(18-21cmbsf),Bottom-axis
ACS,433.05,T3L8(18-21cmbsf),Bottom-axis
porA,47.8,T3L8(18-21cmbsf),Bottom-axis
aclA,0,T3L8(18-21cmbsf),Bottom-axis
aclB,0,T3L8(18-21cmbsf),Bottom-axis
acsA,44.35,T3L8(18-21cmbsf),Bottom-axis
acsB,41.77,T3L8(18-21cmbsf),Bottom-axis
fhs,147.04,T3L8(18-21cmbsf),Bottom-axis
hpcs,2.79,T3L8(18-21cmbsf),Bottom-axis
4hbl,3.51,T3L8(18-21cmbsf),Bottom-axis
4hbd,17.65,T3L8(18-21cmbsf),Bottom-axis
rbcL,14.35,T3L8(18-21cmbsf),Bottom-axis
PRK,15.64,T3L8(18-21cmbsf),Bottom-axis
amt,364.05,T3L8(18-21cmbsf),Bottom-axis
gcvT,421.32,T3L8(18-21cmbsf),Bottom-axis
gdhA,320.79,T3L8(18-21cmbsf),Bottom-axis
amoA,3.3,T3L8(18-21cmbsf),Bottom-axis
hao,28.05,T3L8(18-21cmbsf),Bottom-axis
nxrA,3.38,T3L8(18-21cmbsf),Bottom-axis
narG,407.93,T3L8(18-21cmbsf),Bottom-axis
narB,16.39,T3L8(18-21cmbsf),Bottom-axis
napA,52.16,T3L8(18-21cmbsf),Bottom-axis
nirB,20.85,T3L8(18-21cmbsf),Bottom-axis
nrfA,18.42,T3L8(18-21cmbsf),Bottom-axis
nirA,0,T3L8(18-21cmbsf),Bottom-axis
nirK,93.72,T3L8(18-21cmbsf),Bottom-axis
norB,25.34,T3L8(18-21cmbsf),Bottom-axis
nosZ,54.23,T3L8(18-21cmbsf),Bottom-axis
sat,260.69,T3L8(18-21cmbsf),Bottom-axis
aprA,34.11,T3L8(18-21cmbsf),Bottom-axis
dsrA,23.06,T3L8(18-21cmbsf),Bottom-axis
phsA,43.52,T3L8(18-21cmbsf),Bottom-axis
sqr,166.2,T3L8(18-21cmbsf),Bottom-axis
cysH,162.29,T3L8(18-21cmbsf),Bottom-axis
sir,152.93,T3L8(18-21cmbsf),Bottom-axis
cysK,348.35,T3L8(18-21cmbsf),Bottom-axis
catA,0.75,T3L8(18-21cmbsf),Bottom-axis
catE,91.09,T3L8(18-21cmbsf),Bottom-axis
pcaH,22.8,T3L8(18-21cmbsf),Bottom-axis
ligB,1.4,T3L8(18-21cmbsf),Bottom-axis
boxB,32.13,T3L8(18-21cmbsf),Bottom-axis
alkM,16.01,T3L8(18-21cmbsf),Bottom-axis
ladA,0,T3L8(18-21cmbsf),Bottom-axis
arsM,457.36,T3L8(18-21cmbsf),Bottom-axis
arsB,82.7,T3L8(18-21cmbsf),Bottom-axis
arsC1,74.18,T3L8(18-21cmbsf),Bottom-axis
arsC2,202.08,T3L8(18-21cmbsf),Bottom-axis
aioA,89.4,T3L8(18-21cmbsf),Bottom-axis
selA,295.49,T3L8(18-21cmbsf),Bottom-axis
selD,310.82,T3L8(18-21cmbsf),Bottom-axis
selU,24.16,T3L8(18-21cmbsf),Bottom-axis
glk,214.69,T3L11(0-3cmbsf),Bottom-axis
pckA,292.76,T3L11(0-3cmbsf),Bottom-axis
CS,479.86,T3L11(0-3cmbsf),Bottom-axis
IDH,358.24,T3L11(0-3cmbsf),Bottom-axis
sucD,416.67,T3L11(0-3cmbsf),Bottom-axis
pta,55.86,T3L11(0-3cmbsf),Bottom-axis
ackA,16.95,T3L11(0-3cmbsf),Bottom-axis
ACS,610.81,T3L11(0-3cmbsf),Bottom-axis
porA,35.5,T3L11(0-3cmbsf),Bottom-axis
aclA,0.49,T3L11(0-3cmbsf),Bottom-axis
aclB,0.22,T3L11(0-3cmbsf),Bottom-axis
acsA,0,T3L11(0-3cmbsf),Bottom-axis
acsB,0,T3L11(0-3cmbsf),Bottom-axis
fhs,135.2,T3L11(0-3cmbsf),Bottom-axis
hpcs,113.86,T3L11(0-3cmbsf),Bottom-axis
4hbl,141.43,T3L11(0-3cmbsf),Bottom-axis
4hbd,158.27,T3L11(0-3cmbsf),Bottom-axis
rbcL,5.74,T3L11(0-3cmbsf),Bottom-axis
PRK,12.25,T3L11(0-3cmbsf),Bottom-axis
amt,433.59,T3L11(0-3cmbsf),Bottom-axis
gcvT,428.72,T3L11(0-3cmbsf),Bottom-axis
gdhA,410.53,T3L11(0-3cmbsf),Bottom-axis
amoA,141.77,T3L11(0-3cmbsf),Bottom-axis
hao,0.1,T3L11(0-3cmbsf),Bottom-axis
nxrA,1,T3L11(0-3cmbsf),Bottom-axis
narG,67.72,T3L11(0-3cmbsf),Bottom-axis
narB,6.62,T3L11(0-3cmbsf),Bottom-axis
napA,10.35,T3L11(0-3cmbsf),Bottom-axis
nirB,20.12,T3L11(0-3cmbsf),Bottom-axis
nrfA,11.3,T3L11(0-3cmbsf),Bottom-axis
nirA,1.87,T3L11(0-3cmbsf),Bottom-axis
nirK,253.45,T3L11(0-3cmbsf),Bottom-axis
norB,9.63,T3L11(0-3cmbsf),Bottom-axis
nosZ,1.98,T3L11(0-3cmbsf),Bottom-axis
sat,335.18,T3L11(0-3cmbsf),Bottom-axis
aprA,58.19,T3L11(0-3cmbsf),Bottom-axis
dsrA,4.26,T3L11(0-3cmbsf),Bottom-axis
phsA,0.71,T3L11(0-3cmbsf),Bottom-axis
sqr,244.96,T3L11(0-3cmbsf),Bottom-axis
cysH,246.36,T3L11(0-3cmbsf),Bottom-axis
sir,205.23,T3L11(0-3cmbsf),Bottom-axis
cysK,183.66,T3L11(0-3cmbsf),Bottom-axis
catA,31.94,T3L11(0-3cmbsf),Bottom-axis
catE,194.34,T3L11(0-3cmbsf),Bottom-axis
pcaH,35.26,T3L11(0-3cmbsf),Bottom-axis
ligB,37.9,T3L11(0-3cmbsf),Bottom-axis
boxB,41.25,T3L11(0-3cmbsf),Bottom-axis
alkM,15.38,T3L11(0-3cmbsf),Bottom-axis
ladA,2.65,T3L11(0-3cmbsf),Bottom-axis
arsM,342.26,T3L11(0-3cmbsf),Bottom-axis
arsB,244.92,T3L11(0-3cmbsf),Bottom-axis
arsC1,61.76,T3L11(0-3cmbsf),Bottom-axis
arsC2,150.68,T3L11(0-3cmbsf),Bottom-axis
aioA,19.84,T3L11(0-3cmbsf),Bottom-axis
selA,256.44,T3L11(0-3cmbsf),Bottom-axis
selD,197.73,T3L11(0-3cmbsf),Bottom-axis
selU,20.91,T3L11(0-3cmbsf),Bottom-axis
glk,237.77,T3L11(6-9cmbsf),Bottom-axis
pckA,265.81,T3L11(6-9cmbsf),Bottom-axis
CS,446.59,T3L11(6-9cmbsf),Bottom-axis
IDH,344.93,T3L11(6-9cmbsf),Bottom-axis
sucD,424.11,T3L11(6-9cmbsf),Bottom-axis
pta,64.85,T3L11(6-9cmbsf),Bottom-axis
ackA,13.97,T3L11(6-9cmbsf),Bottom-axis
ACS,597.57,T3L11(6-9cmbsf),Bottom-axis
porA,41.36,T3L11(6-9cmbsf),Bottom-axis
aclA,0,T3L11(6-9cmbsf),Bottom-axis
aclB,0.09,T3L11(6-9cmbsf),Bottom-axis
acsA,0,T3L11(6-9cmbsf),Bottom-axis
acsB,0,T3L11(6-9cmbsf),Bottom-axis
fhs,130.16,T3L11(6-9cmbsf),Bottom-axis
hpcs,98.75,T3L11(6-9cmbsf),Bottom-axis
4hbl,124.43,T3L11(6-9cmbsf),Bottom-axis
4hbd,136.71,T3L11(6-9cmbsf),Bottom-axis
rbcL,5.77,T3L11(6-9cmbsf),Bottom-axis
PRK,14.47,T3L11(6-9cmbsf),Bottom-axis
amt,444.63,T3L11(6-9cmbsf),Bottom-axis
gcvT,436.13,T3L11(6-9cmbsf),Bottom-axis
gdhA,392.57,T3L11(6-9cmbsf),Bottom-axis
amoA,117.58,T3L11(6-9cmbsf),Bottom-axis
hao,0.07,T3L11(6-9cmbsf),Bottom-axis
nxrA,1.36,T3L11(6-9cmbsf),Bottom-axis
narG,126.69,T3L11(6-9cmbsf),Bottom-axis
narB,5.32,T3L11(6-9cmbsf),Bottom-axis
napA,9.43,T3L11(6-9cmbsf),Bottom-axis
nirB,23.69,T3L11(6-9cmbsf),Bottom-axis
nrfA,11.08,T3L11(6-9cmbsf),Bottom-axis
nirA,1.1,T3L11(6-9cmbsf),Bottom-axis
nirK,238.58,T3L11(6-9cmbsf),Bottom-axis
norB,14.38,T3L11(6-9cmbsf),Bottom-axis
nosZ,2.84,T3L11(6-9cmbsf),Bottom-axis
sat,321.87,T3L11(6-9cmbsf),Bottom-axis
aprA,60.92,T3L11(6-9cmbsf),Bottom-axis
dsrA,3.42,T3L11(6-9cmbsf),Bottom-axis
phsA,0.8,T3L11(6-9cmbsf),Bottom-axis
sqr,252.38,T3L11(6-9cmbsf),Bottom-axis
cysH,246.63,T3L11(6-9cmbsf),Bottom-axis
sir,200.83,T3L11(6-9cmbsf),Bottom-axis
cysK,203.33,T3L11(6-9cmbsf),Bottom-axis
catA,24.87,T3L11(6-9cmbsf),Bottom-axis
catE,162.83,T3L11(6-9cmbsf),Bottom-axis
pcaH,54.03,T3L11(6-9cmbsf),Bottom-axis
ligB,35.62,T3L11(6-9cmbsf),Bottom-axis
boxB,43.3,T3L11(6-9cmbsf),Bottom-axis
alkM,22.14,T3L11(6-9cmbsf),Bottom-axis
ladA,2.75,T3L11(6-9cmbsf),Bottom-axis
arsM,374.59,T3L11(6-9cmbsf),Bottom-axis
arsB,206,T3L11(6-9cmbsf),Bottom-axis
arsC1,67.27,T3L11(6-9cmbsf),Bottom-axis
arsC2,140.3,T3L11(6-9cmbsf),Bottom-axis
aioA,27.64,T3L11(6-9cmbsf),Bottom-axis
selA,247.41,T3L11(6-9cmbsf),Bottom-axis
selD,194.31,T3L11(6-9cmbsf),Bottom-axis
selU,19.12,T3L11(6-9cmbsf),Bottom-axis
glk,266.23,T3L11(12-15cmbsf),Bottom-axis
pckA,245.79,T3L11(12-15cmbsf),Bottom-axis
CS,476.53,T3L11(12-15cmbsf),Bottom-axis
IDH,327.76,T3L11(12-15cmbsf),Bottom-axis
sucD,450.77,T3L11(12-15cmbsf),Bottom-axis
pta,73.55,T3L11(12-15cmbsf),Bottom-axis
ackA,30.22,T3L11(12-15cmbsf),Bottom-axis
ACS,539.2,T3L11(12-15cmbsf),Bottom-axis
porA,37.01,T3L11(12-15cmbsf),Bottom-axis
aclA,0,T3L11(12-15cmbsf),Bottom-axis
aclB,0,T3L11(12-15cmbsf),Bottom-axis
acsA,0.49,T3L11(12-15cmbsf),Bottom-axis
acsB,0,T3L11(12-15cmbsf),Bottom-axis
fhs,115.96,T3L11(12-15cmbsf),Bottom-axis
hpcs,63.89,T3L11(12-15cmbsf),Bottom-axis
4hbl,74.99,T3L11(12-15cmbsf),Bottom-axis
4hbd,81.75,T3L11(12-15cmbsf),Bottom-axis
rbcL,9.28,T3L11(12-15cmbsf),Bottom-axis
PRK,9.24,T3L11(12-15cmbsf),Bottom-axis
amt,421.66,T3L11(12-15cmbsf),Bottom-axis
gcvT,434.83,T3L11(12-15cmbsf),Bottom-axis
gdhA,363.72,T3L11(12-15cmbsf),Bottom-axis
amoA,74.73,T3L11(12-15cmbsf),Bottom-axis
hao,0.91,T3L11(12-15cmbsf),Bottom-axis
nxrA,0.47,T3L11(12-15cmbsf),Bottom-axis
narG,312.8,T3L11(12-15cmbsf),Bottom-axis
narB,15.59,T3L11(12-15cmbsf),Bottom-axis
napA,23.88,T3L11(12-15cmbsf),Bottom-axis
nirB,28.02,T3L11(12-15cmbsf),Bottom-axis
nrfA,16.92,T3L11(12-15cmbsf),Bottom-axis
nirA,3.72,T3L11(12-15cmbsf),Bottom-axis
nirK,207.91,T3L11(12-15cmbsf),Bottom-axis
norB,19.51,T3L11(12-15cmbsf),Bottom-axis
nosZ,3.55,T3L11(12-15cmbsf),Bottom-axis
sat,276.08,T3L11(12-15cmbsf),Bottom-axis
aprA,46.91,T3L11(12-15cmbsf),Bottom-axis
dsrA,8.53,T3L11(12-15cmbsf),Bottom-axis
phsA,2.13,T3L11(12-15cmbsf),Bottom-axis
sqr,222.96,T3L11(12-15cmbsf),Bottom-axis
cysH,206.25,T3L11(12-15cmbsf),Bottom-axis
sir,188.32,T3L11(12-15cmbsf),Bottom-axis
cysK,262.95,T3L11(12-15cmbsf),Bottom-axis
catA,19.68,T3L11(12-15cmbsf),Bottom-axis
catE,110.56,T3L11(12-15cmbsf),Bottom-axis
pcaH,50.24,T3L11(12-15cmbsf),Bottom-axis
ligB,27.39,T3L11(12-15cmbsf),Bottom-axis
boxB,46.19,T3L11(12-15cmbsf),Bottom-axis
alkM,36.8,T3L11(12-15cmbsf),Bottom-axis
ladA,0.96,T3L11(12-15cmbsf),Bottom-axis
arsM,346.49,T3L11(12-15cmbsf),Bottom-axis
arsB,176.34,T3L11(12-15cmbsf),Bottom-axis
arsC1,76.68,T3L11(12-15cmbsf),Bottom-axis
arsC2,198.81,T3L11(12-15cmbsf),Bottom-axis
aioA,73.51,T3L11(12-15cmbsf),Bottom-axis
selA,256.75,T3L11(12-15cmbsf),Bottom-axis
selD,221.38,T3L11(12-15cmbsf),Bottom-axis
selU,17.52,T3L11(12-15cmbsf),Bottom-axis
glk,334.55,T3L11(18-21cmbsf),Bottom-axis
pckA,165.31,T3L11(18-21cmbsf),Bottom-axis
CS,410.21,T3L11(18-21cmbsf),Bottom-axis
IDH,260.94,T3L11(18-21cmbsf),Bottom-axis
sucD,373.79,T3L11(18-21cmbsf),Bottom-axis
pta,119.35,T3L11(18-21cmbsf),Bottom-axis
ackA,91.82,T3L11(18-21cmbsf),Bottom-axis
ACS,406.77,T3L11(18-21cmbsf),Bottom-axis
porA,60.86,T3L11(18-21cmbsf),Bottom-axis
aclA,0,T3L11(18-21cmbsf),Bottom-axis
aclB,0,T3L11(18-21cmbsf),Bottom-axis
acsA,71.63,T3L11(18-21cmbsf),Bottom-axis
acsB,79.35,T3L11(18-21cmbsf),Bottom-axis
fhs,158.32,T3L11(18-21cmbsf),Bottom-axis
hpcs,8.8,T3L11(18-21cmbsf),Bottom-axis
4hbl,14.71,T3L11(18-21cmbsf),Bottom-axis
4hbd,24.75,T3L11(18-21cmbsf),Bottom-axis
rbcL,12.65,T3L11(18-21cmbsf),Bottom-axis
PRK,18.46,T3L11(18-21cmbsf),Bottom-axis
amt,549.18,T3L11(18-21cmbsf),Bottom-axis
gcvT,441.3,T3L11(18-21cmbsf),Bottom-axis
gdhA,382.34,T3L11(18-21cmbsf),Bottom-axis
amoA,13.95,T3L11(18-21cmbsf),Bottom-axis
hao,303.27,T3L11(18-21cmbsf),Bottom-axis
nxrA,45.46,T3L11(18-21cmbsf),Bottom-axis
narG,327.61,T3L11(18-21cmbsf),Bottom-axis
narB,23.69,T3L11(18-21cmbsf),Bottom-axis
napA,73.51,T3L11(18-21cmbsf),Bottom-axis
nirB,11.01,T3L11(18-21cmbsf),Bottom-axis
nrfA,9.84,T3L11(18-21cmbsf),Bottom-axis
nirA,0,T3L11(18-21cmbsf),Bottom-axis
nirK,93.53,T3L11(18-21cmbsf),Bottom-axis
norB,128.79,T3L11(18-21cmbsf),Bottom-axis
nosZ,34.43,T3L11(18-21cmbsf),Bottom-axis
sat,199.61,T3L11(18-21cmbsf),Bottom-axis
aprA,87.55,T3L11(18-21cmbsf),Bottom-axis
dsrA,14.3,T3L11(18-21cmbsf),Bottom-axis
phsA,35.9,T3L11(18-21cmbsf),Bottom-axis
sqr,130.75,T3L11(18-21cmbsf),Bottom-axis
cysH,182.06,T3L11(18-21cmbsf),Bottom-axis
sir,119.14,T3L11(18-21cmbsf),Bottom-axis
cysK,346.23,T3L11(18-21cmbsf),Bottom-axis
catA,2.5,T3L11(18-21cmbsf),Bottom-axis
catE,66.39,T3L11(18-21cmbsf),Bottom-axis
pcaH,20.94,T3L11(18-21cmbsf),Bottom-axis
ligB,3.45,T3L11(18-21cmbsf),Bottom-axis
boxB,27.88,T3L11(18-21cmbsf),Bottom-axis
alkM,14.89,T3L11(18-21cmbsf),Bottom-axis
ladA,0,T3L11(18-21cmbsf),Bottom-axis
arsM,349.39,T3L11(18-21cmbsf),Bottom-axis
arsB,79.17,T3L11(18-21cmbsf),Bottom-axis
arsC1,60.97,T3L11(18-21cmbsf),Bottom-axis
arsC2,238.02,T3L11(18-21cmbsf),Bottom-axis
aioA,84.99,T3L11(18-21cmbsf),Bottom-axis
selA,186.15,T3L11(18-21cmbsf),Bottom-axis
selD,203.09,T3L11(18-21cmbsf),Bottom-axis
selU,24.53,T3L11(18-21cmbsf),Bottom-axis
glk,284.2,T3L14(18-20cmbsf),Bottom-axis
pckA,248,T3L14(18-20cmbsf),Bottom-axis
CS,509.11,T3L14(18-20cmbsf),Bottom-axis
IDH,377.73,T3L14(18-20cmbsf),Bottom-axis
sucD,497.99,T3L14(18-20cmbsf),Bottom-axis
pta,93.89,T3L14(18-20cmbsf),Bottom-axis
ackA,31.68,T3L14(18-20cmbsf),Bottom-axis
ACS,576.96,T3L14(18-20cmbsf),Bottom-axis
porA,69.65,T3L14(18-20cmbsf),Bottom-axis
aclA,0,T3L14(18-20cmbsf),Bottom-axis
aclB,0,T3L14(18-20cmbsf),Bottom-axis
acsA,12.01,T3L14(18-20cmbsf),Bottom-axis
acsB,12.64,T3L14(18-20cmbsf),Bottom-axis
fhs,127.35,T3L14(18-20cmbsf),Bottom-axis
hpcs,65.85,T3L14(18-20cmbsf),Bottom-axis
4hbl,83.69,T3L14(18-20cmbsf),Bottom-axis
4hbd,85.08,T3L14(18-20cmbsf),Bottom-axis
rbcL,9.34,T3L14(18-20cmbsf),Bottom-axis
PRK,16.4,T3L14(18-20cmbsf),Bottom-axis
amt,464.39,T3L14(18-20cmbsf),Bottom-axis
gcvT,471.91,T3L14(18-20cmbsf),Bottom-axis
gdhA,378.52,T3L14(18-20cmbsf),Bottom-axis
amoA,81.5,T3L14(18-20cmbsf),Bottom-axis
hao,83.64,T3L14(18-20cmbsf),Bottom-axis
nxrA,12.67,T3L14(18-20cmbsf),Bottom-axis
narG,364.32,T3L14(18-20cmbsf),Bottom-axis
narB,24.57,T3L14(18-20cmbsf),Bottom-axis
napA,38.48,T3L14(18-20cmbsf),Bottom-axis
nirB,23.98,T3L14(18-20cmbsf),Bottom-axis
nrfA,8.29,T3L14(18-20cmbsf),Bottom-axis
nirA,2.39,T3L14(18-20cmbsf),Bottom-axis
nirK,220.18,T3L14(18-20cmbsf),Bottom-axis
norB,58.61,T3L14(18-20cmbsf),Bottom-axis
nosZ,0.98,T3L14(18-20cmbsf),Bottom-axis
sat,302.81,T3L14(18-20cmbsf),Bottom-axis
aprA,104.51,T3L14(18-20cmbsf),Bottom-axis
dsrA,15.39,T3L14(18-20cmbsf),Bottom-axis
phsA,4.89,T3L14(18-20cmbsf),Bottom-axis
sqr,213.11,T3L14(18-20cmbsf),Bottom-axis
cysH,212.06,T3L14(18-20cmbsf),Bottom-axis
sir,164.46,T3L14(18-20cmbsf),Bottom-axis
cysK,324.54,T3L14(18-20cmbsf),Bottom-axis
catA,27.26,T3L14(18-20cmbsf),Bottom-axis
catE,118.3,T3L14(18-20cmbsf),Bottom-axis
pcaH,57.47,T3L14(18-20cmbsf),Bottom-axis
ligB,21.66,T3L14(18-20cmbsf),Bottom-axis
boxB,58.95,T3L14(18-20cmbsf),Bottom-axis
alkM,20.17,T3L14(18-20cmbsf),Bottom-axis
ladA,2.18,T3L14(18-20cmbsf),Bottom-axis
arsM,326.85,T3L14(18-20cmbsf),Bottom-axis
arsB,158.19,T3L14(18-20cmbsf),Bottom-axis
arsC1,73.89,T3L14(18-20cmbsf),Bottom-axis
arsC2,232.11,T3L14(18-20cmbsf),Bottom-axis
aioA,99.82,T3L14(18-20cmbsf),Bottom-axis
selA,237.55,T3L14(18-20cmbsf),Bottom-axis
selD,189.66,T3L14(18-20cmbsf),Bottom-axis
selU,10.77,T3L14(18-20cmbsf),Bottom-axis
glk,219.29,T3L14(0-2cmbsf),Bottom-axis
pckA,261.56,T3L14(0-2cmbsf),Bottom-axis
CS,463.45,T3L14(0-2cmbsf),Bottom-axis
IDH,351.95,T3L14(0-2cmbsf),Bottom-axis
sucD,401.43,T3L14(0-2cmbsf),Bottom-axis
pta,59.41,T3L14(0-2cmbsf),Bottom-axis
ackA,16.09,T3L14(0-2cmbsf),Bottom-axis
ACS,582.57,T3L14(0-2cmbsf),Bottom-axis
porA,34.82,T3L14(0-2cmbsf),Bottom-axis
aclA,0.51,T3L14(0-2cmbsf),Bottom-axis
aclB,1.04,T3L14(0-2cmbsf),Bottom-axis
acsA,0,T3L14(0-2cmbsf),Bottom-axis
acsB,0,T3L14(0-2cmbsf),Bottom-axis
fhs,124.58,T3L14(0-2cmbsf),Bottom-axis
hpcs,63.36,T3L14(0-2cmbsf),Bottom-axis
4hbl,97.92,T3L14(0-2cmbsf),Bottom-axis
4hbd,119.89,T3L14(0-2cmbsf),Bottom-axis
rbcL,6.31,T3L14(0-2cmbsf),Bottom-axis
PRK,14.48,T3L14(0-2cmbsf),Bottom-axis
amt,389.94,T3L14(0-2cmbsf),Bottom-axis
gcvT,472.69,T3L14(0-2cmbsf),Bottom-axis
gdhA,383.9,T3L14(0-2cmbsf),Bottom-axis
amoA,96.62,T3L14(0-2cmbsf),Bottom-axis
hao,0.47,T3L14(0-2cmbsf),Bottom-axis
nxrA,1.31,T3L14(0-2cmbsf),Bottom-axis
narG,52.54,T3L14(0-2cmbsf),Bottom-axis
narB,5.36,T3L14(0-2cmbsf),Bottom-axis
napA,8.77,T3L14(0-2cmbsf),Bottom-axis
nirB,17.76,T3L14(0-2cmbsf),Bottom-axis
nrfA,17.26,T3L14(0-2cmbsf),Bottom-axis
nirA,2.13,T3L14(0-2cmbsf),Bottom-axis
nirK,209.15,T3L14(0-2cmbsf),Bottom-axis
norB,15.67,T3L14(0-2cmbsf),Bottom-axis
nosZ,0.32,T3L14(0-2cmbsf),Bottom-axis
sat,304.84,T3L14(0-2cmbsf),Bottom-axis
aprA,65.05,T3L14(0-2cmbsf),Bottom-axis
dsrA,5.15,T3L14(0-2cmbsf),Bottom-axis
phsA,0.97,T3L14(0-2cmbsf),Bottom-axis
sqr,183.7,T3L14(0-2cmbsf),Bottom-axis
cysH,222.55,T3L14(0-2cmbsf),Bottom-axis
sir,198.18,T3L14(0-2cmbsf),Bottom-axis
cysK,233.99,T3L14(0-2cmbsf),Bottom-axis
catA,28.77,T3L14(0-2cmbsf),Bottom-axis
catE,186.32,T3L14(0-2cmbsf),Bottom-axis
pcaH,55.59,T3L14(0-2cmbsf),Bottom-axis
ligB,36.33,T3L14(0-2cmbsf),Bottom-axis
boxB,36.85,T3L14(0-2cmbsf),Bottom-axis
alkM,30.98,T3L14(0-2cmbsf),Bottom-axis
ladA,3.21,T3L14(0-2cmbsf),Bottom-axis
arsM,351.52,T3L14(0-2cmbsf),Bottom-axis
arsB,199.15,T3L14(0-2cmbsf),Bottom-axis
arsC1,84.25,T3L14(0-2cmbsf),Bottom-axis
arsC2,133.13,T3L14(0-2cmbsf),Bottom-axis
aioA,19,T3L14(0-2cmbsf),Bottom-axis
selA,275.78,T3L14(0-2cmbsf),Bottom-axis
selD,230.23,T3L14(0-2cmbsf),Bottom-axis
selU,19.77,T3L14(0-2cmbsf),Bottom-axis
glk,209.38,T3L14(4-6cmbsf),Bottom-axis
pckA,308.77,T3L14(4-6cmbsf),Bottom-axis
CS,489.95,T3L14(4-6cmbsf),Bottom-axis
IDH,371.15,T3L14(4-6cmbsf),Bottom-axis
sucD,439.88,T3L14(4-6cmbsf),Bottom-axis
pta,68.98,T3L14(4-6cmbsf),Bottom-axis
ackA,17.96,T3L14(4-6cmbsf),Bottom-axis
ACS,629.97,T3L14(4-6cmbsf),Bottom-axis
porA,43.1,T3L14(4-6cmbsf),Bottom-axis
aclA,1.26,T3L14(4-6cmbsf),Bottom-axis
aclB,0.61,T3L14(4-6cmbsf),Bottom-axis
acsA,0,T3L14(4-6cmbsf),Bottom-axis
acsB,0,T3L14(4-6cmbsf),Bottom-axis
fhs,130.25,T3L14(4-6cmbsf),Bottom-axis
hpcs,120.44,T3L14(4-6cmbsf),Bottom-axis
4hbl,144.3,T3L14(4-6cmbsf),Bottom-axis
4hbd,154.36,T3L14(4-6cmbsf),Bottom-axis
rbcL,6.86,T3L14(4-6cmbsf),Bottom-axis
PRK,16.08,T3L14(4-6cmbsf),Bottom-axis
amt,444.04,T3L14(4-6cmbsf),Bottom-axis
gcvT,423.57,T3L14(4-6cmbsf),Bottom-axis
gdhA,413.01,T3L14(4-6cmbsf),Bottom-axis
amoA,127.92,T3L14(4-6cmbsf),Bottom-axis
hao,0.07,T3L14(4-6cmbsf),Bottom-axis
nxrA,1.16,T3L14(4-6cmbsf),Bottom-axis
narG,62.81,T3L14(4-6cmbsf),Bottom-axis
narB,4.79,T3L14(4-6cmbsf),Bottom-axis
napA,9.05,T3L14(4-6cmbsf),Bottom-axis
nirB,17.33,T3L14(4-6cmbsf),Bottom-axis
nrfA,11.96,T3L14(4-6cmbsf),Bottom-axis
nirA,1.65,T3L14(4-6cmbsf),Bottom-axis
nirK,244.09,T3L14(4-6cmbsf),Bottom-axis
norB,7.65,T3L14(4-6cmbsf),Bottom-axis
nosZ,1.42,T3L14(4-6cmbsf),Bottom-axis
sat,347.87,T3L14(4-6cmbsf),Bottom-axis
aprA,62.11,T3L14(4-6cmbsf),Bottom-axis
dsrA,4.18,T3L14(4-6cmbsf),Bottom-axis
phsA,0.2,T3L14(4-6cmbsf),Bottom-axis
sqr,253.77,T3L14(4-6cmbsf),Bottom-axis
cysH,256.27,T3L14(4-6cmbsf),Bottom-axis
sir,225.97,T3L14(4-6cmbsf),Bottom-axis
cysK,193.49,T3L14(4-6cmbsf),Bottom-axis
catA,35.76,T3L14(4-6cmbsf),Bottom-axis
catE,195.28,T3L14(4-6cmbsf),Bottom-axis
pcaH,47.44,T3L14(4-6cmbsf),Bottom-axis
ligB,40.81,T3L14(4-6cmbsf),Bottom-axis
boxB,43.44,T3L14(4-6cmbsf),Bottom-axis
alkM,15.84,T3L14(4-6cmbsf),Bottom-axis
ladA,3.57,T3L14(4-6cmbsf),Bottom-axis
arsM,341.21,T3L14(4-6cmbsf),Bottom-axis
arsB,222.59,T3L14(4-6cmbsf),Bottom-axis
arsC1,64.95,T3L14(4-6cmbsf),Bottom-axis
arsC2,132.14,T3L14(4-6cmbsf),Bottom-axis
aioA,18.58,T3L14(4-6cmbsf),Bottom-axis
selA,263.63,T3L14(4-6cmbsf),Bottom-axis
selD,204.02,T3L14(4-6cmbsf),Bottom-axis
selU,22.36,T3L14(4-6cmbsf),Bottom-axis
glk,243.72,T3L14(6-8cmbsf),Bottom-axis
pckA,259.91,T3L14(6-8cmbsf),Bottom-axis
CS,458.37,T3L14(6-8cmbsf),Bottom-axis
IDH,339.5,T3L14(6-8cmbsf),Bottom-axis
sucD,416.67,T3L14(6-8cmbsf),Bottom-axis
pta,71.74,T3L14(6-8cmbsf),Bottom-axis
ackA,18.02,T3L14(6-8cmbsf),Bottom-axis
ACS,601.01,T3L14(6-8cmbsf),Bottom-axis
porA,45.54,T3L14(6-8cmbsf),Bottom-axis
aclA,0.65,T3L14(6-8cmbsf),Bottom-axis
aclB,0.25,T3L14(6-8cmbsf),Bottom-axis
acsA,0,T3L14(6-8cmbsf),Bottom-axis
acsB,0,T3L14(6-8cmbsf),Bottom-axis
fhs,127.04,T3L14(6-8cmbsf),Bottom-axis
hpcs,87.35,T3L14(6-8cmbsf),Bottom-axis
4hbl,101.42,T3L14(6-8cmbsf),Bottom-axis
4hbd,118.02,T3L14(6-8cmbsf),Bottom-axis
rbcL,4.96,T3L14(6-8cmbsf),Bottom-axis
PRK,11.18,T3L14(6-8cmbsf),Bottom-axis
amt,428.11,T3L14(6-8cmbsf),Bottom-axis
gcvT,452.53,T3L14(6-8cmbsf),Bottom-axis
gdhA,401.97,T3L14(6-8cmbsf),Bottom-axis
amoA,99.4,T3L14(6-8cmbsf),Bottom-axis
hao,0.09,T3L14(6-8cmbsf),Bottom-axis
nxrA,1.06,T3L14(6-8cmbsf),Bottom-axis
narG,84.64,T3L14(6-8cmbsf),Bottom-axis
narB,6.78,T3L14(6-8cmbsf),Bottom-axis
napA,12.16,T3L14(6-8cmbsf),Bottom-axis
nirB,28.82,T3L14(6-8cmbsf),Bottom-axis
nrfA,13.25,T3L14(6-8cmbsf),Bottom-axis
nirA,0.95,T3L14(6-8cmbsf),Bottom-axis
nirK,223.28,T3L14(6-8cmbsf),Bottom-axis
norB,13.59,T3L14(6-8cmbsf),Bottom-axis
nosZ,1.96,T3L14(6-8cmbsf),Bottom-axis
sat,313.65,T3L14(6-8cmbsf),Bottom-axis
aprA,65.9,T3L14(6-8cmbsf),Bottom-axis
dsrA,2.65,T3L14(6-8cmbsf),Bottom-axis
phsA,0.59,T3L14(6-8cmbsf),Bottom-axis
sqr,213.05,T3L14(6-8cmbsf),Bottom-axis
cysH,238.1,T3L14(6-8cmbsf),Bottom-axis
sir,192.55,T3L14(6-8cmbsf),Bottom-axis
cysK,209.23,T3L14(6-8cmbsf),Bottom-axis
catA,32.05,T3L14(6-8cmbsf),Bottom-axis
catE,227.35,T3L14(6-8cmbsf),Bottom-axis
pcaH,53.63,T3L14(6-8cmbsf),Bottom-axis
ligB,36.32,T3L14(6-8cmbsf),Bottom-axis
boxB,52.55,T3L14(6-8cmbsf),Bottom-axis
alkM,12.73,T3L14(6-8cmbsf),Bottom-axis
ladA,3.52,T3L14(6-8cmbsf),Bottom-axis
arsM,362.38,T3L14(6-8cmbsf),Bottom-axis
arsB,188.01,T3L14(6-8cmbsf),Bottom-axis
arsC1,65.34,T3L14(6-8cmbsf),Bottom-axis
arsC2,144.9,T3L14(6-8cmbsf),Bottom-axis
aioA,25.99,T3L14(6-8cmbsf),Bottom-axis
selA,296.32,T3L14(6-8cmbsf),Bottom-axis
selD,229.2,T3L14(6-8cmbsf),Bottom-axis
selU,18.42,T3L14(6-8cmbsf),Bottom-axis
glk,257.12,T3L14(12-14cmbsf),Bottom-axis
pckA,238.47,T3L14(12-14cmbsf),Bottom-axis
CS,463.74,T3L14(12-14cmbsf),Bottom-axis
IDH,335.92,T3L14(12-14cmbsf),Bottom-axis
sucD,478.78,T3L14(12-14cmbsf),Bottom-axis
pta,69.27,T3L14(12-14cmbsf),Bottom-axis
ackA,17,T3L14(12-14cmbsf),Bottom-axis
ACS,566.59,T3L14(12-14cmbsf),Bottom-axis
porA,54.07,T3L14(12-14cmbsf),Bottom-axis
aclA,0,T3L14(12-14cmbsf),Bottom-axis
aclB,0,T3L14(12-14cmbsf),Bottom-axis
acsA,0,T3L14(12-14cmbsf),Bottom-axis
acsB,0,T3L14(12-14cmbsf),Bottom-axis
fhs,147.78,T3L14(12-14cmbsf),Bottom-axis
hpcs,63.16,T3L14(12-14cmbsf),Bottom-axis
4hbl,70.74,T3L14(12-14cmbsf),Bottom-axis
4hbd,97.62,T3L14(12-14cmbsf),Bottom-axis
rbcL,5.54,T3L14(12-14cmbsf),Bottom-axis
PRK,11.33,T3L14(12-14cmbsf),Bottom-axis
amt,477.88,T3L14(12-14cmbsf),Bottom-axis
gcvT,468.47,T3L14(12-14cmbsf),Bottom-axis
gdhA,360.71,T3L14(12-14cmbsf),Bottom-axis
amoA,99.59,T3L14(12-14cmbsf),Bottom-axis
hao,0.6,T3L14(12-14cmbsf),Bottom-axis
nxrA,0.53,T3L14(12-14cmbsf),Bottom-axis
narG,221.76,T3L14(12-14cmbsf),Bottom-axis
narB,11.95,T3L14(12-14cmbsf),Bottom-axis
napA,28.21,T3L14(12-14cmbsf),Bottom-axis
nirB,21.75,T3L14(12-14cmbsf),Bottom-axis
nrfA,7.5,T3L14(12-14cmbsf),Bottom-axis
nirA,2.65,T3L14(12-14cmbsf),Bottom-axis
nirK,221.08,T3L14(12-14cmbsf),Bottom-axis
norB,19,T3L14(12-14cmbsf),Bottom-axis
nosZ,2.89,T3L14(12-14cmbsf),Bottom-axis
sat,324.22,T3L14(12-14cmbsf),Bottom-axis
aprA,85.42,T3L14(12-14cmbsf),Bottom-axis
dsrA,9.32,T3L14(12-14cmbsf),Bottom-axis
phsA,1.92,T3L14(12-14cmbsf),Bottom-axis
sqr,206,T3L14(12-14cmbsf),Bottom-axis
cysH,216.59,T3L14(12-14cmbsf),Bottom-axis
sir,200.87,T3L14(12-14cmbsf),Bottom-axis
cysK,236.43,T3L14(12-14cmbsf),Bottom-axis
catA,25.52,T3L14(12-14cmbsf),Bottom-axis
catE,165.91,T3L14(12-14cmbsf),Bottom-axis
pcaH,80.22,T3L14(12-14cmbsf),Bottom-axis
ligB,37.65,T3L14(12-14cmbsf),Bottom-axis
boxB,49.33,T3L14(12-14cmbsf),Bottom-axis
alkM,22.83,T3L14(12-14cmbsf),Bottom-axis
ladA,5.12,T3L14(12-14cmbsf),Bottom-axis
arsM,385.22,T3L14(12-14cmbsf),Bottom-axis
arsB,176.82,T3L14(12-14cmbsf),Bottom-axis
arsC1,51.73,T3L14(12-14cmbsf),Bottom-axis
arsC2,163.53,T3L14(12-14cmbsf),Bottom-axis
aioA,75.36,T3L14(12-14cmbsf),Bottom-axis
selA,287.26,T3L14(12-14cmbsf),Bottom-axis
selD,227.65,T3L14(12-14cmbsf),Bottom-axis
selU,14.58,T3L14(12-14cmbsf),Bottom-axis
