Genome,Category,Count
B100T1B8,AA,1
B100T1B8,CBM,5
B100T1B8,CE,22
B100T1B8,GH,31
B100T1B8,GT,71
B100T1B8,PL,1
B100T1L10,AA,0
B100T1L10,CBM,0
B100T1L10,CE,2
B100T1L10,GH,7
B100T1L10,GT,17
B100T1L10,PL,0
B100T3L11,AA,1
B100T3L11,CBM,0
B100T3L11,CE,1
B100T3L11,GH,4
B100T3L11,GT,36
B100T3L11,PL,0
B101T1B8,AA,17
B101T1B8,CBM,0
B101T1B8,CE,21
B101T1B8,GH,11
B101T1B8,GT,25
B101T1B8,PL,1
B101T1L10,AA,4
B101T1L10,CBM,4
B101T1L10,CE,24
B101T1L10,GH,18
B101T1L10,GT,28
B101T1L10,PL,0
B101T3L11,AA,3
B101T3L11,CBM,1
B101T3L11,CE,7
B101T3L11,GH,7
B101T3L11,GT,25
B101T3L11,PL,0
B102T1B8,AA,5
B102T1B8,CBM,0
B102T1B8,CE,3
B102T1B8,GH,6
B102T1B8,GT,9
B102T1B8,PL,1
B102T1L10,AA,3
B102T1L10,CBM,0
B102T1L10,CE,12
B102T1L10,GH,14
B102T1L10,GT,10
B102T1L10,PL,0
B102T3L11,AA,8
B102T3L11,CBM,12
B102T3L11,CE,8
B102T3L11,GH,8
B102T3L11,GT,21
B102T3L11,PL,0
B103T1B8,AA,3
B103T1B8,CBM,0
B103T1B8,CE,6
B103T1B8,GH,10
B103T1B8,GT,20
B103T1B8,PL,0
B103T1L10,AA,0
B103T1L10,CBM,21
B103T1L10,CE,18
B103T1L10,GH,24
B103T1L10,GT,35
B103T1L10,PL,2
B104T1B8,AA,2
B104T1B8,CBM,5
B104T1B8,CE,16
B104T1B8,GH,26
B104T1B8,GT,33
B104T1B8,PL,0
B104T3L11,AA,10
B104T3L11,CBM,0
B104T3L11,CE,16
B104T3L11,GH,9
B104T3L11,GT,29
B104T3L11,PL,0
B105T1B8,AA,5
B105T1B8,CBM,5
B105T1B8,CE,14
B105T1B8,GH,25
B105T1B8,GT,27
B105T1B8,PL,3
B105T1L10,AA,2
B105T1L10,CBM,0
B105T1L10,CE,9
B105T1L10,GH,17
B105T1L10,GT,43
B105T1L10,PL,0
B106T1L10,AA,0
B106T1L10,CBM,0
B106T1L10,CE,2
B106T1L10,GH,7
B106T1L10,GT,20
B106T1L10,PL,0
B107T1L10,AA,4
B107T1L10,CBM,0
B107T1L10,CE,8
B107T1L10,GH,6
B107T1L10,GT,14
B107T1L10,PL,0
B108T1L10,AA,0
B108T1L10,CBM,1
B108T1L10,CE,6
B108T1L10,GH,12
B108T1L10,GT,49
B108T1L10,PL,1
B109T1L10,AA,1
B109T1L10,CBM,0
B109T1L10,CE,4
B109T1L10,GH,9
B109T1L10,GT,28
B109T1L10,PL,0
B10D1T1,AA,0
B10D1T1,CBM,0
B10D1T1,CE,0
B10D1T1,GH,0
B10D1T1,GT,3
B10D1T1,PL,0
B10D1T2,AA,1
B10D1T2,CBM,10
B10D1T2,CE,8
B10D1T2,GH,12
B10D1T2,GT,16
B10D1T2,PL,0
B10T1B10,AA,1
B10T1B10,CBM,3
B10T1B10,CE,4
B10T1B10,GH,19
B10T1B10,GT,30
B10T1B10,PL,0
B10T1B11,AA,0
B10T1B11,CBM,1
B10T1B11,CE,0
B10T1B11,GH,0
B10T1B11,GT,11
B10T1B11,PL,0
B10T1B3,AA,1
B10T1B3,CBM,0
B10T1B3,CE,3
B10T1B3,GH,10
B10T1B3,GT,23
B10T1B3,PL,1
B10T1B5,AA,0
B10T1B5,CBM,0
B10T1B5,CE,0
B10T1B5,GH,1
B10T1B5,GT,12
B10T1B5,PL,0
B10T1L10,AA,2
B10T1L10,CBM,0
B10T1L10,CE,6
B10T1L10,GH,7
B10T1L10,GT,16
B10T1L10,PL,0
B10T1L6,AA,0
B10T1L6,CBM,2
B10T1L6,CE,6
B10T1L6,GH,8
B10T1L6,GT,30
B10T1L6,PL,0
B10T3L11,AA,4
B10T3L11,CBM,0
B10T3L11,CE,2
B10T3L11,GH,3
B10T3L11,GT,13
B10T3L11,PL,0
B10T3L14,AA,1
B10T3L14,CBM,0
B10T3L14,CE,3
B10T3L14,GH,9
B10T3L14,GT,9
B10T3L14,PL,0
B10T3L8,AA,2
B10T3L8,CBM,3
B10T3L8,CE,3
B10T3L8,GH,12
B10T3L8,GT,26
B10T3L8,PL,0
B110T1L10,AA,5
B110T1L10,CBM,0
B110T1L10,CE,9
B110T1L10,GH,16
B110T1L10,GT,11
B110T1L10,PL,0
B111T1L10,AA,0
B111T1L10,CBM,0
B111T1L10,CE,1
B111T1L10,GH,7
B111T1L10,GT,11
B111T1L10,PL,0
B112T1L10,AA,9
B112T1L10,CBM,6
B112T1L10,CE,7
B112T1L10,GH,15
B112T1L10,GT,11
B112T1L10,PL,0
B113T1L10,AA,10
B113T1L10,CBM,0
B113T1L10,CE,17
B113T1L10,GH,12
B113T1L10,GT,35
B113T1L10,PL,0
B11D1T1,AA,1
B11D1T1,CBM,0
B11D1T1,CE,0
B11D1T1,GH,9
B11D1T1,GT,16
B11D1T1,PL,0
B11D1T2,AA,0
B11D1T2,CBM,4
B11D1T2,CE,15
B11D1T2,GH,25
B11D1T2,GT,40
B11D1T2,PL,1
B11T1B10,AA,1
B11T1B10,CBM,27
B11T1B10,CE,23
B11T1B10,GH,26
B11T1B10,GT,23
B11T1B10,PL,0
B11T1B11,AA,2
B11T1B11,CBM,2
B11T1B11,CE,11
B11T1B11,GH,15
B11T1B11,GT,65
B11T1B11,PL,1
B11T1B3,AA,6
B11T1B3,CBM,3
B11T1B3,CE,9
B11T1B3,GH,9
B11T1B3,GT,18
B11T1B3,PL,0
B11T1B5,AA,3
B11T1B5,CBM,0
B11T1B5,CE,6
B11T1B5,GH,4
B11T1B5,GT,18
B11T1B5,PL,0
B11T1B8,AA,2
B11T1B8,CBM,1
B11T1B8,CE,4
B11T1B8,GH,3
B11T1B8,GT,9
B11T1B8,PL,0
B11T1L10,AA,1
B11T1L10,CBM,3
B11T1L10,CE,14
B11T1L10,GH,14
B11T1L10,GT,46
B11T1L10,PL,0
B11T1L6,AA,2
B11T1L6,CBM,0
B11T1L6,CE,6
B11T1L6,GH,19
B11T1L6,GT,21
B11T1L6,PL,0
B11T3L11,AA,14
B11T3L11,CBM,0
B11T3L11,CE,16
B11T3L11,GH,9
B11T3L11,GT,17
B11T3L11,PL,0
B11T3L14,AA,8
B11T3L14,CBM,0
B11T3L14,CE,9
B11T3L14,GH,9
B11T3L14,GT,18
B11T3L14,PL,0
B11T3L8,AA,2
B11T3L8,CBM,0
B11T3L8,CE,8
B11T3L8,GH,20
B11T3L8,GT,35
B11T3L8,PL,0
B12D1T1,AA,0
B12D1T1,CBM,1
B12D1T1,CE,0
B12D1T1,GH,0
B12D1T1,GT,6
B12D1T1,PL,0
B12D1T2,AA,4
B12D1T2,CBM,0
B12D1T2,CE,4
B12D1T2,GH,8
B12D1T2,GT,28
B12D1T2,PL,2
B12T1B10,AA,0
B12T1B10,CBM,2
B12T1B10,CE,7
B12T1B10,GH,12
B12T1B10,GT,58
B12T1B10,PL,2
B12T1B11,AA,0
B12T1B11,CBM,0
B12T1B11,CE,1
B12T1B11,GH,0
B12T1B11,GT,11
B12T1B11,PL,0
B12T1B3,AA,6
B12T1B3,CBM,0
B12T1B3,CE,5
B12T1B3,GH,12
B12T1B3,GT,16
B12T1B3,PL,0
B12T1B5,AA,5
B12T1B5,CBM,0
B12T1B5,CE,10
B12T1B5,GH,18
B12T1B5,GT,18
B12T1B5,PL,0
B12T1L10,AA,2
B12T1L10,CBM,0
B12T1L10,CE,4
B12T1L10,GH,4
B12T1L10,GT,18
B12T1L10,PL,0
B12T1L6,AA,4
B12T1L6,CBM,0
B12T1L6,CE,3
B12T1L6,GH,17
B12T1L6,GT,22
B12T1L6,PL,0
B12T3L11,AA,2
B12T3L11,CBM,2
B12T3L11,CE,5
B12T3L11,GH,16
B12T3L11,GT,39
B12T3L11,PL,0
B12T3L14,AA,2
B12T3L14,CBM,0
B12T3L14,CE,6
B12T3L14,GH,10
B12T3L14,GT,22
B12T3L14,PL,0
B12T3L8,AA,7
B12T3L8,CBM,6
B12T3L8,CE,18
B12T3L8,GH,43
B12T3L8,GT,40
B12T3L8,PL,2
B13D1T1,AA,0
B13D1T1,CBM,0
B13D1T1,CE,2
B13D1T1,GH,17
B13D1T1,GT,30
B13D1T1,PL,0
B13D1T2,AA,1
B13D1T2,CBM,10
B13D1T2,CE,18
B13D1T2,GH,36
B13D1T2,GT,25
B13D1T2,PL,1
B13MC02,AA,3
B13MC02,CBM,0
B13MC02,CE,13
B13MC02,GH,17
B13MC02,GT,37
B13MC02,PL,0
B13T1B10,AA,1
B13T1B10,CBM,1
B13T1B10,CE,10
B13T1B10,GH,23
B13T1B10,GT,52
B13T1B10,PL,0
B13T1B11,AA,3
B13T1B11,CBM,2
B13T1B11,CE,7
B13T1B11,GH,10
B13T1B11,GT,20
B13T1B11,PL,0
B13T1B3,AA,1
B13T1B3,CBM,0
B13T1B3,CE,4
B13T1B3,GH,16
B13T1B3,GT,38
B13T1B3,PL,1
B13T1B5,AA,6
B13T1B5,CBM,5
B13T1B5,CE,8
B13T1B5,GH,20
B13T1B5,GT,12
B13T1B5,PL,0
B13T1B8,AA,2
B13T1B8,CBM,1
B13T1B8,CE,2
B13T1B8,GH,15
B13T1B8,GT,15
B13T1B8,PL,1
B13T1L10,AA,8
B13T1L10,CBM,2
B13T1L10,CE,6
B13T1L10,GH,12
B13T1L10,GT,29
B13T1L10,PL,0
B13T1L6,AA,2
B13T1L6,CBM,5
B13T1L6,CE,22
B13T1L6,GH,29
B13T1L6,GT,65
B13T1L6,PL,1
B13T3L11,AA,0
B13T3L11,CBM,1
B13T3L11,CE,8
B13T3L11,GH,14
B13T3L11,GT,33
B13T3L11,PL,0
B13T3L14,AA,2
B13T3L14,CBM,0
B13T3L14,CE,2
B13T3L14,GH,4
B13T3L14,GT,7
B13T3L14,PL,0
B13T3L8,AA,1
B13T3L8,CBM,0
B13T3L8,CE,4
B13T3L8,GH,7
B13T3L8,GT,31
B13T3L8,PL,0
B14D1T1,AA,2
B14D1T1,CBM,0
B14D1T1,CE,5
B14D1T1,GH,23
B14D1T1,GT,41
B14D1T1,PL,0
B14D1T2,AA,5
B14D1T2,CBM,3
B14D1T2,CE,10
B14D1T2,GH,7
B14D1T2,GT,15
B14D1T2,PL,0
B14T1B10,AA,1
B14T1B10,CBM,3
B14T1B10,CE,13
B14T1B10,GH,13
B14T1B10,GT,41
B14T1B10,PL,1
B14T1B11,AA,0
B14T1B11,CBM,0
B14T1B11,CE,0
B14T1B11,GH,3
B14T1B11,GT,9
B14T1B11,PL,0
B14T1B3,AA,2
B14T1B3,CBM,0
B14T1B3,CE,3
B14T1B3,GH,8
B14T1B3,GT,15
B14T1B3,PL,0
B14T1B5,AA,1
B14T1B5,CBM,0
B14T1B5,CE,0
B14T1B5,GH,8
B14T1B5,GT,7
B14T1B5,PL,0
B14T1B8,AA,1
B14T1B8,CBM,9
B14T1B8,CE,10
B14T1B8,GH,38
B14T1B8,GT,33
B14T1B8,PL,1
B14T1L10,AA,0
B14T1L10,CBM,1
B14T1L10,CE,6
B14T1L10,GH,4
B14T1L10,GT,24
B14T1L10,PL,1
B15D1T1,AA,1
B15D1T1,CBM,0
B15D1T1,CE,3
B15D1T1,GH,17
B15D1T1,GT,38
B15D1T1,PL,1
B15D1T2,AA,0
B15D1T2,CBM,0
B15D1T2,CE,0
B15D1T2,GH,0
B15D1T2,GT,5
B15D1T2,PL,0
B15MC02,AA,0
B15MC02,CBM,1
B15MC02,CE,0
B15MC02,GH,0
B15MC02,GT,4
B15MC02,PL,0
B15T1B10,AA,3
B15T1B10,CBM,1
B15T1B10,CE,7
B15T1B10,GH,23
B15T1B10,GT,19
B15T1B10,PL,0
B15T1B11,AA,18
B15T1B11,CBM,0
B15T1B11,CE,17
B15T1B11,GH,11
B15T1B11,GT,20
B15T1B11,PL,0
B15T1B3,AA,0
B15T1B3,CBM,1
B15T1B3,CE,5
B15T1B3,GH,16
B15T1B3,GT,20
B15T1B3,PL,1
B15T1B5,AA,0
B15T1B5,CBM,1
B15T1B5,CE,2
B15T1B5,GH,4
B15T1B5,GT,10
B15T1B5,PL,0
B15T1B8,AA,3
B15T1B8,CBM,1
B15T1B8,CE,2
B15T1B8,GH,8
B15T1B8,GT,14
B15T1B8,PL,1
B15T1L10,AA,8
B15T1L10,CBM,0
B15T1L10,CE,7
B15T1L10,GH,16
B15T1L10,GT,37
B15T1L10,PL,0
B15T3L11,AA,2
B15T3L11,CBM,0
B15T3L11,CE,2
B15T3L11,GH,1
B15T3L11,GT,13
B15T3L11,PL,1
B15T3L14,AA,4
B15T3L14,CBM,0
B15T3L14,CE,13
B15T3L14,GH,8
B15T3L14,GT,21
B15T3L14,PL,0
B15T3L8,AA,0
B15T3L8,CBM,3
B15T3L8,CE,8
B15T3L8,GH,19
B15T3L8,GT,36
B15T3L8,PL,0
B16D1T1,AA,4
B16D1T1,CBM,0
B16D1T1,CE,3
B16D1T1,GH,4
B16D1T1,GT,10
B16D1T1,PL,0
B16D1T2,AA,9
B16D1T2,CBM,5
B16D1T2,CE,11
B16D1T2,GH,19
B16D1T2,GT,19
B16D1T2,PL,0
B16T1B10,AA,3
B16T1B10,CBM,0
B16T1B10,CE,5
B16T1B10,GH,11
B16T1B10,GT,22
B16T1B10,PL,0
B16T1B11,AA,1
B16T1B11,CBM,0
B16T1B11,CE,1
B16T1B11,GH,4
B16T1B11,GT,7
B16T1B11,PL,0
B16T1B3,AA,0
B16T1B3,CBM,0
B16T1B3,CE,0
B16T1B3,GH,0
B16T1B3,GT,7
B16T1B3,PL,0
B16T1B5,AA,5
B16T1B5,CBM,3
B16T1B5,CE,9
B16T1B5,GH,9
B16T1B5,GT,25
B16T1B5,PL,0
B16T1B8,AA,0
B16T1B8,CBM,1
B16T1B8,CE,5
B16T1B8,GH,12
B16T1B8,GT,26
B16T1B8,PL,0
B16T1L10,AA,0
B16T1L10,CBM,15
B16T1L10,CE,4
B16T1L10,GH,27
B16T1L10,GT,36
B16T1L10,PL,2
B16T1L6,AA,1
B16T1L6,CBM,3
B16T1L6,CE,16
B16T1L6,GH,25
B16T1L6,GT,45
B16T1L6,PL,1
B16T3L11,AA,0
B16T3L11,CBM,1
B16T3L11,CE,5
B16T3L11,GH,15
B16T3L11,GT,31
B16T3L11,PL,0
B16T3L8,AA,14
B16T3L8,CBM,0
B16T3L8,CE,10
B16T3L8,GH,7
B16T3L8,GT,16
B16T3L8,PL,0
B17D1T2,AA,0
B17D1T2,CBM,1
B17D1T2,CE,8
B17D1T2,GH,27
B17D1T2,GT,46
B17D1T2,PL,1
B17T1B10,AA,1
B17T1B10,CBM,0
B17T1B10,CE,3
B17T1B10,GH,10
B17T1B10,GT,17
B17T1B10,PL,1
B17T1B11,AA,1
B17T1B11,CBM,2
B17T1B11,CE,7
B17T1B11,GH,7
B17T1B11,GT,37
B17T1B11,PL,1
B17T1B3,AA,0
B17T1B3,CBM,2
B17T1B3,CE,3
B17T1B3,GH,5
B17T1B3,GT,28
B17T1B3,PL,0
B17T1B5,AA,3
B17T1B5,CBM,0
B17T1B5,CE,7
B17T1B5,GH,7
B17T1B5,GT,10
B17T1B5,PL,0
B17T1B8,AA,5
B17T1B8,CBM,4
B17T1B8,CE,10
B17T1B8,GH,13
B17T1B8,GT,20
B17T1B8,PL,0
B17T1L10,AA,0
B17T1L10,CBM,2
B17T1L10,CE,3
B17T1L10,GH,15
B17T1L10,GT,33
B17T1L10,PL,2
B17T1L6,AA,1
B17T1L6,CBM,0
B17T1L6,CE,11
B17T1L6,GH,13
B17T1L6,GT,26
B17T1L6,PL,0
B17T3L14,AA,10
B17T3L14,CBM,0
B17T3L14,CE,15
B17T3L14,GH,10
B17T3L14,GT,30
B17T3L14,PL,0
B17T3L8,AA,0
B17T3L8,CBM,0
B17T3L8,CE,0
B17T3L8,GH,0
B17T3L8,GT,10
B17T3L8,PL,0
B18D1T1,AA,4
B18D1T1,CBM,0
B18D1T1,CE,4
B18D1T1,GH,12
B18D1T1,GT,36
B18D1T1,PL,1
B18D1T2,AA,2
B18D1T2,CBM,3
B18D1T2,CE,2
B18D1T2,GH,13
B18D1T2,GT,21
B18D1T2,PL,0
B18T1B10,AA,3
B18T1B10,CBM,0
B18T1B10,CE,8
B18T1B10,GH,15
B18T1B10,GT,63
B18T1B10,PL,0
B18T1B5,AA,2
B18T1B5,CBM,2
B18T1B5,CE,5
B18T1B5,GH,23
B18T1B5,GT,28
B18T1B5,PL,0
B18T1B8,AA,5
B18T1B8,CBM,7
B18T1B8,CE,17
B18T1B8,GH,44
B18T1B8,GT,30
B18T1B8,PL,0
B18T1L10,AA,5
B18T1L10,CBM,1
B18T1L10,CE,4
B18T1L10,GH,13
B18T1L10,GT,15
B18T1L10,PL,1
B18T1L6,AA,2
B18T1L6,CBM,2
B18T1L6,CE,9
B18T1L6,GH,23
B18T1L6,GT,34
B18T1L6,PL,1
B18T3L11,AA,0
B18T3L11,CBM,0
B18T3L11,CE,0
B18T3L11,GH,8
B18T3L11,GT,23
B18T3L11,PL,0
B18T3L14,AA,3
B18T3L14,CBM,1
B18T3L14,CE,3
B18T3L14,GH,7
B18T3L14,GT,39
B18T3L14,PL,1
B18T3L8,AA,3
B18T3L8,CBM,0
B18T3L8,CE,3
B18T3L8,GH,12
B18T3L8,GT,30
B18T3L8,PL,1
B19D1T1,AA,2
B19D1T1,CBM,0
B19D1T1,CE,3
B19D1T1,GH,13
B19D1T1,GT,14
B19D1T1,PL,0
B19D1T2,AA,4
B19D1T2,CBM,0
B19D1T2,CE,5
B19D1T2,GH,13
B19D1T2,GT,28
B19D1T2,PL,1
B19T1B10,AA,1
B19T1B10,CBM,0
B19T1B10,CE,1
B19T1B10,GH,0
B19T1B10,GT,13
B19T1B10,PL,0
B19T1B11,AA,0
B19T1B11,CBM,0
B19T1B11,CE,1
B19T1B11,GH,2
B19T1B11,GT,13
B19T1B11,PL,0
B19T1B3,AA,4
B19T1B3,CBM,1
B19T1B3,CE,1
B19T1B3,GH,10
B19T1B3,GT,9
B19T1B3,PL,0
B19T1B5,AA,2
B19T1B5,CBM,0
B19T1B5,CE,3
B19T1B5,GH,9
B19T1B5,GT,24
B19T1B5,PL,1
B19T1B8,AA,5
B19T1B8,CBM,0
B19T1B8,CE,5
B19T1B8,GH,12
B19T1B8,GT,25
B19T1B8,PL,0
B19T1L10,AA,0
B19T1L10,CBM,1
B19T1L10,CE,0
B19T1L10,GH,4
B19T1L10,GT,1
B19T1L10,PL,0
B19T1L6,AA,3
B19T1L6,CBM,1
B19T1L6,CE,7
B19T1L6,GH,16
B19T1L6,GT,18
B19T1L6,PL,1
B19T3L11,AA,1
B19T3L11,CBM,0
B19T3L11,CE,6
B19T3L11,GH,5
B19T3L11,GT,10
B19T3L11,PL,0
B19T3L14,AA,0
B19T3L14,CBM,1
B19T3L14,CE,13
B19T3L14,GH,19
B19T3L14,GT,30
B19T3L14,PL,0
B1D1T1,AA,2
B1D1T1,CBM,2
B1D1T1,CE,9
B1D1T1,GH,13
B1D1T1,GT,16
B1D1T1,PL,0
B1D1T2,AA,5
B1D1T2,CBM,0
B1D1T2,CE,9
B1D1T2,GH,18
B1D1T2,GT,30
B1D1T2,PL,0
B1MC02,AA,2
B1MC02,CBM,2
B1MC02,CE,10
B1MC02,GH,15
B1MC02,GT,23
B1MC02,PL,0
B1T1B10,AA,2
B1T1B10,CBM,2
B1T1B10,CE,13
B1T1B10,GH,15
B1T1B10,GT,58
B1T1B10,PL,0
B1T1B11,AA,4
B1T1B11,CBM,0
B1T1B11,CE,5
B1T1B11,GH,13
B1T1B11,GT,31
B1T1B11,PL,1
B1T1B3,AA,2
B1T1B3,CBM,3
B1T1B3,CE,2
B1T1B3,GH,12
B1T1B3,GT,21
B1T1B3,PL,0
B1T1B5,AA,0
B1T1B5,CBM,0
B1T1B5,CE,2
B1T1B5,GH,4
B1T1B5,GT,21
B1T1B5,PL,1
B1T1B8,AA,9
B1T1B8,CBM,4
B1T1B8,CE,26
B1T1B8,GH,24
B1T1B8,GT,28
B1T1B8,PL,1
B1T1L6,AA,3
B1T1L6,CBM,2
B1T1L6,CE,2
B1T1L6,GH,9
B1T1L6,GT,23
B1T1L6,PL,0
B1T3L11,AA,0
B1T3L11,CBM,0
B1T3L11,CE,3
B1T3L11,GH,10
B1T3L11,GT,24
B1T3L11,PL,0
B1T3L14,AA,0
B1T3L14,CBM,3
B1T3L14,CE,3
B1T3L14,GH,9
B1T3L14,GT,25
B1T3L14,PL,0
B1T3L8,AA,3
B1T3L8,CBM,0
B1T3L8,CE,0
B1T3L8,GH,3
B1T3L8,GT,4
B1T3L8,PL,0
B20D1T1,AA,4
B20D1T1,CBM,4
B20D1T1,CE,6
B20D1T1,GH,9
B20D1T1,GT,15
B20D1T1,PL,0
B20D1T2,AA,7
B20D1T2,CBM,4
B20D1T2,CE,7
B20D1T2,GH,20
B20D1T2,GT,17
B20D1T2,PL,0
B20T1B10,AA,6
B20T1B10,CBM,11
B20T1B10,CE,10
B20T1B10,GH,45
B20T1B10,GT,45
B20T1B10,PL,0
B20T1B11,AA,6
B20T1B11,CBM,0
B20T1B11,CE,3
B20T1B11,GH,15
B20T1B11,GT,17
B20T1B11,PL,0
B20T1B5,AA,0
B20T1B5,CBM,2
B20T1B5,CE,5
B20T1B5,GH,7
B20T1B5,GT,29
B20T1B5,PL,1
B20T1L10,AA,1
B20T1L10,CBM,5
B20T1L10,CE,24
B20T1L10,GH,56
B20T1L10,GT,37
B20T1L10,PL,33
B20T1L6,AA,2
B20T1L6,CBM,0
B20T1L6,CE,3
B20T1L6,GH,9
B20T1L6,GT,12
B20T1L6,PL,0
B20T3L14,AA,0
B20T3L14,CBM,0
B20T3L14,CE,3
B20T3L14,GH,7
B20T3L14,GT,15
B20T3L14,PL,0
B20T3L8,AA,0
B20T3L8,CBM,1
B20T3L8,CE,4
B20T3L8,GH,7
B20T3L8,GT,20
B20T3L8,PL,0
B21D1T1,AA,2
B21D1T1,CBM,0
B21D1T1,CE,5
B21D1T1,GH,12
B21D1T1,GT,33
B21D1T1,PL,1
B21D1T2,AA,0
B21D1T2,CBM,3
B21D1T2,CE,2
B21D1T2,GH,19
B21D1T2,GT,30
B21D1T2,PL,0
B21T1B10,AA,0
B21T1B10,CBM,6
B21T1B10,CE,7
B21T1B10,GH,10
B21T1B10,GT,41
B21T1B10,PL,0
B21T1B11,AA,0
B21T1B11,CBM,0
B21T1B11,CE,0
B21T1B11,GH,7
B21T1B11,GT,6
B21T1B11,PL,0
B21T1B5,AA,1
B21T1B5,CBM,3
B21T1B5,CE,20
B21T1B5,GH,27
B21T1B5,GT,66
B21T1B5,PL,1
B21T1L6,AA,1
B21T1L6,CBM,1
B21T1L6,CE,7
B21T1L6,GH,5
B21T1L6,GT,13
B21T1L6,PL,0
B21T3L8,AA,0
B21T3L8,CBM,0
B21T3L8,CE,2
B21T3L8,GH,23
B21T3L8,GT,46
B21T3L8,PL,0
B22D1T1,AA,3
B22D1T1,CBM,1
B22D1T1,CE,5
B22D1T1,GH,17
B22D1T1,GT,19
B22D1T1,PL,0
B22D1T2,AA,4
B22D1T2,CBM,0
B22D1T2,CE,4
B22D1T2,GH,12
B22D1T2,GT,35
B22D1T2,PL,0
B22T1B10,AA,8
B22T1B10,CBM,4
B22T1B10,CE,20
B22T1B10,GH,21
B22T1B10,GT,27
B22T1B10,PL,1
B22T1B11,AA,2
B22T1B11,CBM,2
B22T1B11,CE,6
B22T1B11,GH,9
B22T1B11,GT,39
B22T1B11,PL,0
B22T1B5,AA,6
B22T1B5,CBM,0
B22T1B5,CE,4
B22T1B5,GH,10
B22T1B5,GT,38
B22T1B5,PL,1
B22T1B8,AA,0
B22T1B8,CBM,24
B22T1B8,CE,28
B22T1B8,GH,33
B22T1B8,GT,38
B22T1B8,PL,1
B22T1L10,AA,0
B22T1L10,CBM,2
B22T1L10,CE,8
B22T1L10,GH,8
B22T1L10,GT,20
B22T1L10,PL,0
B22T1L6,AA,5
B22T1L6,CBM,0
B22T1L6,CE,0
B22T1L6,GH,7
B22T1L6,GT,17
B22T1L6,PL,0
B22T3L11,AA,2
B22T3L11,CBM,0
B22T3L11,CE,3
B22T3L11,GH,7
B22T3L11,GT,26
B22T3L11,PL,1
B22T3L14,AA,4
B22T3L14,CBM,9
B22T3L14,CE,12
B22T3L14,GH,46
B22T3L14,GT,48
B22T3L14,PL,0
B22T3L8,AA,4
B22T3L8,CBM,0
B22T3L8,CE,5
B22T3L8,GH,12
B22T3L8,GT,35
B22T3L8,PL,0
B23D1T1,AA,4
B23D1T1,CBM,3
B23D1T1,CE,4
B23D1T1,GH,14
B23D1T1,GT,11
B23D1T1,PL,0
B23D1T2,AA,2
B23D1T2,CBM,5
B23D1T2,CE,5
B23D1T2,GH,9
B23D1T2,GT,34
B23D1T2,PL,1
B23T1B10,AA,4
B23T1B10,CBM,10
B23T1B10,CE,21
B23T1B10,GH,46
B23T1B10,GT,70
B23T1B10,PL,2
B23T1B5,AA,1
B23T1B5,CBM,1
B23T1B5,CE,13
B23T1B5,GH,24
B23T1B5,GT,29
B23T1B5,PL,1
B23T1B8,AA,4
B23T1B8,CBM,2
B23T1B8,CE,14
B23T1B8,GH,32
B23T1B8,GT,49
B23T1B8,PL,0
B23T1L10,AA,9
B23T1L10,CBM,0
B23T1L10,CE,14
B23T1L10,GH,6
B23T1L10,GT,15
B23T1L10,PL,0
B23T1L6,AA,4
B23T1L6,CBM,0
B23T1L6,CE,13
B23T1L6,GH,21
B23T1L6,GT,39
B23T1L6,PL,0
B23T3L11,AA,7
B23T3L11,CBM,0
B23T3L11,CE,4
B23T3L11,GH,9
B23T3L11,GT,10
B23T3L11,PL,0
B23T3L8,AA,8
B23T3L8,CBM,5
B23T3L8,CE,13
B23T3L8,GH,36
B23T3L8,GT,33
B23T3L8,PL,0
B24D1T1,AA,6
B24D1T1,CBM,2
B24D1T1,CE,6
B24D1T1,GH,18
B24D1T1,GT,18
B24D1T1,PL,0
B24D1T2,AA,2
B24D1T2,CBM,0
B24D1T2,CE,7
B24D1T2,GH,14
B24D1T2,GT,27
B24D1T2,PL,0
B24T1B10,AA,2
B24T1B10,CBM,5
B24T1B10,CE,13
B24T1B10,GH,21
B24T1B10,GT,40
B24T1B10,PL,0
B24T1B11,AA,1
B24T1B11,CBM,3
B24T1B11,CE,3
B24T1B11,GH,13
B24T1B11,GT,28
B24T1B11,PL,0
B24T1B5,AA,8
B24T1B5,CBM,18
B24T1B5,CE,14
B24T1B5,GH,37
B24T1B5,GT,27
B24T1B5,PL,3
B24T1B8,AA,2
B24T1B8,CBM,0
B24T1B8,CE,8
B24T1B8,GH,11
B24T1B8,GT,18
B24T1B8,PL,0
B24T1L10,AA,3
B24T1L10,CBM,2
B24T1L10,CE,9
B24T1L10,GH,15
B24T1L10,GT,16
B24T1L10,PL,0
B24T1L6,AA,4
B24T1L6,CBM,1
B24T1L6,CE,5
B24T1L6,GH,8
B24T1L6,GT,14
B24T1L6,PL,0
B24T3L14,AA,1
B24T3L14,CBM,0
B24T3L14,CE,9
B24T3L14,GH,23
B24T3L14,GT,42
B24T3L14,PL,1
B25D1T2,AA,4
B25D1T2,CBM,0
B25D1T2,CE,4
B25D1T2,GH,13
B25D1T2,GT,28
B25D1T2,PL,1
B25T1B10,AA,4
B25T1B10,CBM,0
B25T1B10,CE,11
B25T1B10,GH,25
B25T1B10,GT,45
B25T1B10,PL,0
B25T1B5,AA,8
B25T1B5,CBM,0
B25T1B5,CE,10
B25T1B5,GH,5
B25T1B5,GT,14
B25T1B5,PL,0
B25T1B8,AA,2
B25T1B8,CBM,0
B25T1B8,CE,3
B25T1B8,GH,19
B25T1B8,GT,41
B25T1B8,PL,1
B25T1L10,AA,1
B25T1L10,CBM,9
B25T1L10,CE,7
B25T1L10,GH,35
B25T1L10,GT,34
B25T1L10,PL,0
B25T1L6,AA,5
B25T1L6,CBM,1
B25T1L6,CE,2
B25T1L6,GH,14
B25T1L6,GT,26
B25T1L6,PL,0
B25T3L14,AA,0
B25T3L14,CBM,3
B25T3L14,CE,8
B25T3L14,GH,15
B25T3L14,GT,30
B25T3L14,PL,0
B25T3L8,AA,1
B25T3L8,CBM,2
B25T3L8,CE,6
B25T3L8,GH,20
B25T3L8,GT,31
B25T3L8,PL,0
B26D1T2,AA,2
B26D1T2,CBM,0
B26D1T2,CE,0
B26D1T2,GH,4
B26D1T2,GT,12
B26D1T2,PL,0
B26T1B10,AA,4
B26T1B10,CBM,0
B26T1B10,CE,7
B26T1B10,GH,11
B26T1B10,GT,5
B26T1B10,PL,0
B26T1B5,AA,3
B26T1B5,CBM,0
B26T1B5,CE,4
B26T1B5,GH,9
B26T1B5,GT,3
B26T1B5,PL,0
B26T1B8,AA,0
B26T1B8,CBM,4
B26T1B8,CE,7
B26T1B8,GH,33
B26T1B8,GT,30
B26T1B8,PL,2
B26T1L10,AA,10
B26T1L10,CBM,0
B26T1L10,CE,13
B26T1L10,GH,10
B26T1L10,GT,26
B26T1L10,PL,0
B26T1L6,AA,1
B26T1L6,CBM,0
B26T1L6,CE,3
B26T1L6,GH,18
B26T1L6,GT,45
B26T1L6,PL,1
B26T3L14,AA,1
B26T3L14,CBM,6
B26T3L14,CE,11
B26T3L14,GH,19
B26T3L14,GT,30
B26T3L14,PL,0
B26T3L8,AA,1
B26T3L8,CBM,4
B26T3L8,CE,8
B26T3L8,GH,16
B26T3L8,GT,27
B26T3L8,PL,0
B27D1T2,AA,4
B27D1T2,CBM,0
B27D1T2,CE,4
B27D1T2,GH,14
B27D1T2,GT,25
B27D1T2,PL,0
B27T1B10,AA,6
B27T1B10,CBM,0
B27T1B10,CE,6
B27T1B10,GH,14
B27T1B10,GT,38
B27T1B10,PL,2
B27T1B5,AA,2
B27T1B5,CBM,25
B27T1B5,CE,22
B27T1B5,GH,35
B27T1B5,GT,33
B27T1B5,PL,1
B27T1B8,AA,1
B27T1B8,CBM,2
B27T1B8,CE,7
B27T1B8,GH,10
B27T1B8,GT,41
B27T1B8,PL,0
B27T1L10,AA,0
B27T1L10,CBM,4
B27T1L10,CE,12
B27T1L10,GH,23
B27T1L10,GT,38
B27T1L10,PL,1
B27T3L11,AA,0
B27T3L11,CBM,0
B27T3L11,CE,4
B27T3L11,GH,9
B27T3L11,GT,28
B27T3L11,PL,0
B27T3L14,AA,13
B27T3L14,CBM,0
B27T3L14,CE,18
B27T3L14,GH,10
B27T3L14,GT,19
B27T3L14,PL,0
B27T3L8,AA,4
B27T3L8,CBM,2
B27T3L8,CE,5
B27T3L8,GH,13
B27T3L8,GT,31
B27T3L8,PL,0
B28D1T2,AA,2
B28D1T2,CBM,1
B28D1T2,CE,1
B28D1T2,GH,6
B28D1T2,GT,19
B28D1T2,PL,0
B28T1B10,AA,4
B28T1B10,CBM,0
B28T1B10,CE,5
B28T1B10,GH,8
B28T1B10,GT,18
B28T1B10,PL,0
B28T1B5,AA,2
B28T1B5,CBM,0
B28T1B5,CE,4
B28T1B5,GH,9
B28T1B5,GT,4
B28T1B5,PL,0
B28T1B8,AA,1
B28T1B8,CBM,1
B28T1B8,CE,8
B28T1B8,GH,12
B28T1B8,GT,42
B28T1B8,PL,0
B28T1L10,AA,2
B28T1L10,CBM,0
B28T1L10,CE,5
B28T1L10,GH,10
B28T1L10,GT,12
B28T1L10,PL,0
B28T3L11,AA,12
B28T3L11,CBM,0
B28T3L11,CE,18
B28T3L11,GH,13
B28T3L11,GT,17
B28T3L11,PL,0
B28T3L14,AA,2
B28T3L14,CBM,3
B28T3L14,CE,13
B28T3L14,GH,12
B28T3L14,GT,36
B28T3L14,PL,0
B28T3L8,AA,0
B28T3L8,CBM,0
B28T3L8,CE,0
B28T3L8,GH,1
B28T3L8,GT,9
B28T3L8,PL,0
B29T1B10,AA,2
B29T1B10,CBM,2
B29T1B10,CE,8
B29T1B10,GH,12
B29T1B10,GT,38
B29T1B10,PL,1
B29T1B5,AA,2
B29T1B5,CBM,2
B29T1B5,CE,8
B29T1B5,GH,14
B29T1B5,GT,36
B29T1B5,PL,1
B29T1B8,AA,2
B29T1B8,CBM,2
B29T1B8,CE,10
B29T1B8,GH,13
B29T1B8,GT,41
B29T1B8,PL,0
B29T1L10,AA,1
B29T1L10,CBM,3
B29T1L10,CE,3
B29T1L10,GH,11
B29T1L10,GT,24
B29T1L10,PL,0
B29T3L11,AA,2
B29T3L11,CBM,0
B29T3L11,CE,5
B29T3L11,GH,12
B29T3L11,GT,8
B29T3L11,PL,0
B29T3L14,AA,7
B29T3L14,CBM,5
B29T3L14,CE,19
B29T3L14,GH,24
B29T3L14,GT,13
B29T3L14,PL,1
B29T3L8,AA,1
B29T3L8,CBM,1
B29T3L8,CE,7
B29T3L8,GH,14
B29T3L8,GT,40
B29T3L8,PL,0
B2D1T2,AA,0
B2D1T2,CBM,0
B2D1T2,CE,0
B2D1T2,GH,0
B2D1T2,GT,6
B2D1T2,PL,0
B2MC02,AA,2
B2MC02,CBM,6
B2MC02,CE,4
B2MC02,GH,8
B2MC02,GT,26
B2MC02,PL,0
B2T1B10,AA,0
B2T1B10,CBM,1
B2T1B10,CE,12
B2T1B10,GH,25
B2T1B10,GT,31
B2T1B10,PL,2
B2T1B11,AA,2
B2T1B11,CBM,1
B2T1B11,CE,5
B2T1B11,GH,7
B2T1B11,GT,30
B2T1B11,PL,1
B2T1B3,AA,4
B2T1B3,CBM,4
B2T1B3,CE,4
B2T1B3,GH,14
B2T1B3,GT,13
B2T1B3,PL,0
B2T1B5,AA,3
B2T1B5,CBM,4
B2T1B5,CE,13
B2T1B5,GH,13
B2T1B5,GT,11
B2T1B5,PL,0
B2T1L10,AA,1
B2T1L10,CBM,1
B2T1L10,CE,3
B2T1L10,GH,19
B2T1L10,GT,66
B2T1L10,PL,1
B2T3L11,AA,9
B2T3L11,CBM,0
B2T3L11,CE,12
B2T3L11,GH,7
B2T3L11,GT,13
B2T3L11,PL,0
B2T3L14,AA,3
B2T3L14,CBM,0
B2T3L14,CE,6
B2T3L14,GH,13
B2T3L14,GT,32
B2T3L14,PL,0
B2T3L8,AA,3
B2T3L8,CBM,1
B2T3L8,CE,6
B2T3L8,GH,16
B2T3L8,GT,45
B2T3L8,PL,0
B30T1B5,AA,15
B30T1B5,CBM,0
B30T1B5,CE,15
B30T1B5,GH,5
B30T1B5,GT,17
B30T1B5,PL,0
B30T1B8,AA,3
B30T1B8,CBM,26
B30T1B8,CE,30
B30T1B8,GH,59
B30T1B8,GT,57
B30T1B8,PL,6
B30T1L10,AA,1
B30T1L10,CBM,0
B30T1L10,CE,3
B30T1L10,GH,12
B30T1L10,GT,24
B30T1L10,PL,0
B30T3L11,AA,3
B30T3L11,CBM,4
B30T3L11,CE,9
B30T3L11,GH,20
B30T3L11,GT,35
B30T3L11,PL,0
B30T3L14,AA,2
B30T3L14,CBM,0
B30T3L14,CE,3
B30T3L14,GH,3
B30T3L14,GT,13
B30T3L14,PL,0
B30T3L8,AA,7
B30T3L8,CBM,2
B30T3L8,CE,7
B30T3L8,GH,13
B30T3L8,GT,11
B30T3L8,PL,0
B31T1B10,AA,0
B31T1B10,CBM,3
B31T1B10,CE,6
B31T1B10,GH,15
B31T1B10,GT,20
B31T1B10,PL,0
B31T1B5,AA,3
B31T1B5,CBM,2
B31T1B5,CE,11
B31T1B5,GH,24
B31T1B5,GT,32
B31T1B5,PL,1
B31T1B8,AA,2
B31T1B8,CBM,1
B31T1B8,CE,2
B31T1B8,GH,13
B31T1B8,GT,36
B31T1B8,PL,0
B31T1L10,AA,13
B31T1L10,CBM,0
B31T1L10,CE,19
B31T1L10,GH,14
B31T1L10,GT,23
B31T1L10,PL,0
B31T3L11,AA,0
B31T3L11,CBM,1
B31T3L11,CE,3
B31T3L11,GH,8
B31T3L11,GT,26
B31T3L11,PL,0
B31T3L8,AA,4
B31T3L8,CBM,3
B31T3L8,CE,10
B31T3L8,GH,9
B31T3L8,GT,14
B31T3L8,PL,0
B32T1B10,AA,2
B32T1B10,CBM,3
B32T1B10,CE,2
B32T1B10,GH,10
B32T1B10,GT,20
B32T1B10,PL,0
B32T1B5,AA,4
B32T1B5,CBM,19
B32T1B5,CE,11
B32T1B5,GH,18
B32T1B5,GT,47
B32T1B5,PL,0
B32T1L10,AA,4
B32T1L10,CBM,6
B32T1L10,CE,14
B32T1L10,GH,19
B32T1L10,GT,19
B32T1L10,PL,1
B32T3L14,AA,1
B32T3L14,CBM,2
B32T3L14,CE,13
B32T3L14,GH,22
B32T3L14,GT,31
B32T3L14,PL,1
B32T3L8,AA,0
B32T3L8,CBM,0
B32T3L8,CE,0
B32T3L8,GH,3
B32T3L8,GT,4
B32T3L8,PL,0
B33T1B10,AA,5
B33T1B10,CBM,1
B33T1B10,CE,8
B33T1B10,GH,11
B33T1B10,GT,14
B33T1B10,PL,0
B33T1B5,AA,10
B33T1B5,CBM,6
B33T1B5,CE,14
B33T1B5,GH,18
B33T1B5,GT,17
B33T1B5,PL,0
B33T1B8,AA,3
B33T1B8,CBM,8
B33T1B8,CE,10
B33T1B8,GH,31
B33T1B8,GT,43
B33T1B8,PL,0
B33T1L10,AA,0
B33T1L10,CBM,3
B33T1L10,CE,6
B33T1L10,GH,16
B33T1L10,GT,41
B33T1L10,PL,0
B33T3L11,AA,4
B33T3L11,CBM,1
B33T3L11,CE,4
B33T3L11,GH,11
B33T3L11,GT,18
B33T3L11,PL,0
B33T3L14,AA,2
B33T3L14,CBM,0
B33T3L14,CE,12
B33T3L14,GH,10
B33T3L14,GT,5
B33T3L14,PL,0
B33T3L8,AA,1
B33T3L8,CBM,0
B33T3L8,CE,5
B33T3L8,GH,10
B33T3L8,GT,23
B33T3L8,PL,1
B34T1B10,AA,2
B34T1B10,CBM,0
B34T1B10,CE,7
B34T1B10,GH,17
B34T1B10,GT,18
B34T1B10,PL,0
B34T1B5,AA,1
B34T1B5,CBM,2
B34T1B5,CE,6
B34T1B5,GH,16
B34T1B5,GT,37
B34T1B5,PL,1
B34T3L14,AA,4
B34T3L14,CBM,0
B34T3L14,CE,4
B34T3L14,GH,18
B34T3L14,GT,12
B34T3L14,PL,0
B34T3L8,AA,6
B34T3L8,CBM,12
B34T3L8,CE,13
B34T3L8,GH,44
B34T3L8,GT,44
B34T3L8,PL,0
B35T1B10,AA,5
B35T1B10,CBM,3
B35T1B10,CE,8
B35T1B10,GH,10
B35T1B10,GT,18
B35T1B10,PL,0
B35T1B5,AA,6
B35T1B5,CBM,0
B35T1B5,CE,9
B35T1B5,GH,10
B35T1B5,GT,11
B35T1B5,PL,0
B35T1L10,AA,11
B35T1L10,CBM,0
B35T1L10,CE,15
B35T1L10,GH,12
B35T1L10,GT,14
B35T1L10,PL,0
B35T3L14,AA,3
B35T3L14,CBM,0
B35T3L14,CE,3
B35T3L14,GH,12
B35T3L14,GT,44
B35T3L14,PL,1
B35T3L8,AA,1
B35T3L8,CBM,4
B35T3L8,CE,10
B35T3L8,GH,18
B35T3L8,GT,28
B35T3L8,PL,1
B36T1B10,AA,0
B36T1B10,CBM,0
B36T1B10,CE,3
B36T1B10,GH,8
B36T1B10,GT,44
B36T1B10,PL,1
B36T1B5,AA,2
B36T1B5,CBM,45
B36T1B5,CE,36
B36T1B5,GH,113
B36T1B5,GT,54
B36T1B5,PL,8
B36T1B8,AA,2
B36T1B8,CBM,0
B36T1B8,CE,9
B36T1B8,GH,14
B36T1B8,GT,8
B36T1B8,PL,0
B36T1L10,AA,1
B36T1L10,CBM,2
B36T1L10,CE,8
B36T1L10,GH,13
B36T1L10,GT,24
B36T1L10,PL,0
B36T3L8,AA,2
B36T3L8,CBM,1
B36T3L8,CE,1
B36T3L8,GH,12
B36T3L8,GT,10
B36T3L8,PL,0
B37T1B10,AA,0
B37T1B10,CBM,1
B37T1B10,CE,3
B37T1B10,GH,16
B37T1B10,GT,10
B37T1B10,PL,0
B37T1B5,AA,2
B37T1B5,CBM,0
B37T1B5,CE,2
B37T1B5,GH,11
B37T1B5,GT,28
B37T1B5,PL,0
B37T1B8,AA,3
B37T1B8,CBM,0
B37T1B8,CE,8
B37T1B8,GH,13
B37T1B8,GT,6
B37T1B8,PL,0
B37T1L10,AA,2
B37T1L10,CBM,0
B37T1L10,CE,5
B37T1L10,GH,11
B37T1L10,GT,20
B37T1L10,PL,0
B37T3L11,AA,2
B37T3L11,CBM,0
B37T3L11,CE,11
B37T3L11,GH,11
B37T3L11,GT,21
B37T3L11,PL,0
B37T3L8,AA,3
B37T3L8,CBM,0
B37T3L8,CE,3
B37T3L8,GH,7
B37T3L8,GT,12
B37T3L8,PL,0
B38T1B10,AA,1
B38T1B10,CBM,15
B38T1B10,CE,14
B38T1B10,GH,34
B38T1B10,GT,25
B38T1B10,PL,3
B38T1B5,AA,3
B38T1B5,CBM,0
B38T1B5,CE,13
B38T1B5,GH,11
B38T1B5,GT,16
B38T1B5,PL,0
B38T1B8,AA,6
B38T1B8,CBM,2
B38T1B8,CE,12
B38T1B8,GH,23
B38T1B8,GT,48
B38T1B8,PL,1
B38T1L10,AA,4
B38T1L10,CBM,0
B38T1L10,CE,17
B38T1L10,GH,15
B38T1L10,GT,28
B38T1L10,PL,1
B38T3L11,AA,1
B38T3L11,CBM,1
B38T3L11,CE,7
B38T3L11,GH,18
B38T3L11,GT,46
B38T3L11,PL,0
B38T3L14,AA,7
B38T3L14,CBM,4
B38T3L14,CE,18
B38T3L14,GH,13
B38T3L14,GT,15
B38T3L14,PL,0
B38T3L8,AA,4
B38T3L8,CBM,2
B38T3L8,CE,7
B38T3L8,GH,13
B38T3L8,GT,25
B38T3L8,PL,0
B39T1B10,AA,1
B39T1B10,CBM,0
B39T1B10,CE,3
B39T1B10,GH,6
B39T1B10,GT,5
B39T1B10,PL,0
B39T1B5,AA,0
B39T1B5,CBM,0
B39T1B5,CE,5
B39T1B5,GH,10
B39T1B5,GT,27
B39T1B5,PL,0
B39T1B8,AA,5
B39T1B8,CBM,4
B39T1B8,CE,7
B39T1B8,GH,12
B39T1B8,GT,11
B39T1B8,PL,0
B39T1L10,AA,0
B39T1L10,CBM,0
B39T1L10,CE,1
B39T1L10,GH,12
B39T1L10,GT,48
B39T1L10,PL,0
B39T3L11,AA,4
B39T3L11,CBM,0
B39T3L11,CE,3
B39T3L11,GH,8
B39T3L11,GT,14
B39T3L11,PL,0
B39T3L8,AA,3
B39T3L8,CBM,0
B39T3L8,CE,7
B39T3L8,GH,7
B39T3L8,GT,30
B39T3L8,PL,0
B3D1T1,AA,4
B3D1T1,CBM,0
B3D1T1,CE,12
B3D1T1,GH,12
B3D1T1,GT,34
B3D1T1,PL,0
B3D1T2,AA,1
B3D1T2,CBM,0
B3D1T2,CE,4
B3D1T2,GH,13
B3D1T2,GT,34
B3D1T2,PL,0
B3MC02,AA,6
B3MC02,CBM,0
B3MC02,CE,2
B3MC02,GH,8
B3MC02,GT,18
B3MC02,PL,0
B3T1B10,AA,6
B3T1B10,CBM,5
B3T1B10,CE,15
B3T1B10,GH,35
B3T1B10,GT,35
B3T1B10,PL,2
B3T1B11,AA,3
B3T1B11,CBM,1
B3T1B11,CE,1
B3T1B11,GH,9
B3T1B11,GT,11
B3T1B11,PL,0
B3T1B3,AA,0
B3T1B3,CBM,0
B3T1B3,CE,4
B3T1B3,GH,12
B3T1B3,GT,34
B3T1B3,PL,1
B3T1B5,AA,7
B3T1B5,CBM,3
B3T1B5,CE,13
B3T1B5,GH,13
B3T1B5,GT,18
B3T1B5,PL,1
B3T1B8,AA,1
B3T1B8,CBM,2
B3T1B8,CE,12
B3T1B8,GH,26
B3T1B8,GT,56
B3T1B8,PL,1
B3T1L10,AA,2
B3T1L10,CBM,1
B3T1L10,CE,8
B3T1L10,GH,10
B3T1L10,GT,19
B3T1L10,PL,1
B3T1L6,AA,6
B3T1L6,CBM,0
B3T1L6,CE,11
B3T1L6,GH,11
B3T1L6,GT,54
B3T1L6,PL,1
B3T3L11,AA,5
B3T3L11,CBM,2
B3T3L11,CE,9
B3T3L11,GH,9
B3T3L11,GT,16
B3T3L11,PL,0
B3T3L14,AA,4
B3T3L14,CBM,8
B3T3L14,CE,20
B3T3L14,GH,36
B3T3L14,GT,67
B3T3L14,PL,2
B3T3L8,AA,2
B3T3L8,CBM,29
B3T3L8,CE,19
B3T3L8,GH,137
B3T3L8,GT,42
B3T3L8,PL,7
B40T1B10,AA,4
B40T1B10,CBM,3
B40T1B10,CE,1
B40T1B10,GH,10
B40T1B10,GT,9
B40T1B10,PL,0
B40T1B5,AA,2
B40T1B5,CBM,7
B40T1B5,CE,9
B40T1B5,GH,31
B40T1B5,GT,33
B40T1B5,PL,0
B40T1B8,AA,3
B40T1B8,CBM,3
B40T1B8,CE,2
B40T1B8,GH,12
B40T1B8,GT,28
B40T1B8,PL,0
B40T1L10,AA,3
B40T1L10,CBM,0
B40T1L10,CE,4
B40T1L10,GH,17
B40T1L10,GT,47
B40T1L10,PL,1
B40T3L11,AA,2
B40T3L11,CBM,0
B40T3L11,CE,10
B40T3L11,GH,15
B40T3L11,GT,16
B40T3L11,PL,0
B41T1B8,AA,5
B41T1B8,CBM,0
B41T1B8,CE,11
B41T1B8,GH,6
B41T1B8,GT,11
B41T1B8,PL,0
B41T1L10,AA,2
B41T1L10,CBM,0
B41T1L10,CE,4
B41T1L10,GH,13
B41T1L10,GT,5
B41T1L10,PL,0
B41T3L11,AA,6
B41T3L11,CBM,6
B41T3L11,CE,10
B41T3L11,GH,20
B41T3L11,GT,15
B41T3L11,PL,1
B41T3L14,AA,3
B41T3L14,CBM,0
B41T3L14,CE,8
B41T3L14,GH,20
B41T3L14,GT,37
B41T3L14,PL,0
B42T1B8,AA,12
B42T1B8,CBM,6
B42T1B8,CE,21
B42T1B8,GH,24
B42T1B8,GT,18
B42T1B8,PL,0
B42T1L10,AA,1
B42T1L10,CBM,0
B42T1L10,CE,3
B42T1L10,GH,16
B42T1L10,GT,29
B42T1L10,PL,0
B42T3L11,AA,2
B42T3L11,CBM,1
B42T3L11,CE,9
B42T3L11,GH,4
B42T3L11,GT,22
B42T3L11,PL,0
B42T3L14,AA,1
B42T3L14,CBM,0
B42T3L14,CE,4
B42T3L14,GH,13
B42T3L14,GT,33
B42T3L14,PL,1
B43T1B5,AA,4
B43T1B5,CBM,1
B43T1B5,CE,9
B43T1B5,GH,9
B43T1B5,GT,36
B43T1B5,PL,1
B43T1L10,AA,5
B43T1L10,CBM,0
B43T1L10,CE,10
B43T1L10,GH,12
B43T1L10,GT,13
B43T1L10,PL,0
B43T3L11,AA,8
B43T3L11,CBM,0
B43T3L11,CE,8
B43T3L11,GH,6
B43T3L11,GT,13
B43T3L11,PL,0
B43T3L14,AA,7
B43T3L14,CBM,2
B43T3L14,CE,7
B43T3L14,GH,16
B43T3L14,GT,15
B43T3L14,PL,0
B44T1B5,AA,5
B44T1B5,CBM,1
B44T1B5,CE,9
B44T1B5,GH,13
B44T1B5,GT,42
B44T1B5,PL,0
B44T1B8,AA,1
B44T1B8,CBM,2
B44T1B8,CE,10
B44T1B8,GH,13
B44T1B8,GT,31
B44T1B8,PL,1
B44T1L10,AA,0
B44T1L10,CBM,0
B44T1L10,CE,0
B44T1L10,GH,3
B44T1L10,GT,8
B44T1L10,PL,0
B44T3L11,AA,6
B44T3L11,CBM,0
B44T3L11,CE,13
B44T3L11,GH,16
B44T3L11,GT,16
B44T3L11,PL,0
B44T3L14,AA,0
B44T3L14,CBM,0
B44T3L14,CE,0
B44T3L14,GH,0
B44T3L14,GT,6
B44T3L14,PL,0
B45T1B5,AA,1
B45T1B5,CBM,2
B45T1B5,CE,9
B45T1B5,GH,11
B45T1B5,GT,28
B45T1B5,PL,0
B45T1B8,AA,6
B45T1B8,CBM,4
B45T1B8,CE,5
B45T1B8,GH,12
B45T1B8,GT,17
B45T1B8,PL,0
B45T1L10,AA,5
B45T1L10,CBM,1
B45T1L10,CE,6
B45T1L10,GH,11
B45T1L10,GT,41
B45T1L10,PL,0
B45T3L11,AA,0
B45T3L11,CBM,0
B45T3L11,CE,0
B45T3L11,GH,5
B45T3L11,GT,6
B45T3L11,PL,0
B45T3L14,AA,0
B45T3L14,CBM,0
B45T3L14,CE,1
B45T3L14,GH,5
B45T3L14,GT,7
B45T3L14,PL,0
B46T1B5,AA,0
B46T1B5,CBM,0
B46T1B5,CE,2
B46T1B5,GH,3
B46T1B5,GT,10
B46T1B5,PL,0
B46T1B8,AA,0
B46T1B8,CBM,2
B46T1B8,CE,0
B46T1B8,GH,2
B46T1B8,GT,22
B46T1B8,PL,0
B46T1L10,AA,4
B46T1L10,CBM,1
B46T1L10,CE,4
B46T1L10,GH,12
B46T1L10,GT,24
B46T1L10,PL,1
B46T3L11,AA,9
B46T3L11,CBM,3
B46T3L11,CE,10
B46T3L11,GH,15
B46T3L11,GT,19
B46T3L11,PL,0
B47T1B5,AA,10
B47T1B5,CBM,1
B47T1B5,CE,19
B47T1B5,GH,12
B47T1B5,GT,27
B47T1B5,PL,0
B47T1B8,AA,2
B47T1B8,CBM,2
B47T1B8,CE,13
B47T1B8,GH,34
B47T1B8,GT,75
B47T1B8,PL,0
B47T1L10,AA,3
B47T1L10,CBM,62
B47T1L10,CE,36
B47T1L10,GH,70
B47T1L10,GT,39
B47T1L10,PL,3
B47T3L11,AA,2
B47T3L11,CBM,2
B47T3L11,CE,3
B47T3L11,GH,16
B47T3L11,GT,27
B47T3L11,PL,0
B48T1B5,AA,2
B48T1B5,CBM,2
B48T1B5,CE,0
B48T1B5,GH,12
B48T1B5,GT,30
B48T1B5,PL,0
B48T1B8,AA,1
B48T1B8,CBM,4
B48T1B8,CE,6
B48T1B8,GH,24
B48T1B8,GT,26
B48T1B8,PL,0
B48T1L10,AA,0
B48T1L10,CBM,2
B48T1L10,CE,3
B48T1L10,GH,7
B48T1L10,GT,27
B48T1L10,PL,0
B48T3L11,AA,0
B48T3L11,CBM,1
B48T3L11,CE,3
B48T3L11,GH,12
B48T3L11,GT,28
B48T3L11,PL,0
B48T3L14,AA,8
B48T3L14,CBM,0
B48T3L14,CE,3
B48T3L14,GH,11
B48T3L14,GT,27
B48T3L14,PL,0
B49T1B5,AA,1
B49T1B5,CBM,1
B49T1B5,CE,2
B49T1B5,GH,4
B49T1B5,GT,26
B49T1B5,PL,0
B49T1B8,AA,0
B49T1B8,CBM,0
B49T1B8,CE,0
B49T1B8,GH,0
B49T1B8,GT,9
B49T1B8,PL,0
B49T1L10,AA,5
B49T1L10,CBM,0
B49T1L10,CE,7
B49T1L10,GH,12
B49T1L10,GT,40
B49T1L10,PL,1
B4D1T1,AA,11
B4D1T1,CBM,7
B4D1T1,CE,8
B4D1T1,GH,12
B4D1T1,GT,36
B4D1T1,PL,0
B4D1T2,AA,5
B4D1T2,CBM,1
B4D1T2,CE,1
B4D1T2,GH,12
B4D1T2,GT,19
B4D1T2,PL,0
B4MC02,AA,3
B4MC02,CBM,4
B4MC02,CE,12
B4MC02,GH,25
B4MC02,GT,51
B4MC02,PL,0
B4T1B10,AA,3
B4T1B10,CBM,1
B4T1B10,CE,4
B4T1B10,GH,19
B4T1B10,GT,44
B4T1B10,PL,2
B4T1B11,AA,5
B4T1B11,CBM,0
B4T1B11,CE,4
B4T1B11,GH,10
B4T1B11,GT,23
B4T1B11,PL,0
B4T1B3,AA,16
B4T1B3,CBM,15
B4T1B3,CE,11
B4T1B3,GH,12
B4T1B3,GT,38
B4T1B3,PL,0
B4T1B5,AA,2
B4T1B5,CBM,0
B4T1B5,CE,7
B4T1B5,GH,12
B4T1B5,GT,36
B4T1B5,PL,0
B4T1B8,AA,1
B4T1B8,CBM,0
B4T1B8,CE,0
B4T1B8,GH,7
B4T1B8,GT,33
B4T1B8,PL,0
B4T1L6,AA,6
B4T1L6,CBM,0
B4T1L6,CE,2
B4T1L6,GH,8
B4T1L6,GT,19
B4T1L6,PL,0
B4T3L11,AA,6
B4T3L11,CBM,0
B4T3L11,CE,9
B4T3L11,GH,3
B4T3L11,GT,11
B4T3L11,PL,0
B4T3L14,AA,7
B4T3L14,CBM,7
B4T3L14,CE,12
B4T3L14,GH,23
B4T3L14,GT,13
B4T3L14,PL,0
B50T1B5,AA,4
B50T1B5,CBM,0
B50T1B5,CE,11
B50T1B5,GH,17
B50T1B5,GT,31
B50T1B5,PL,0
B50T3L11,AA,0
B50T3L11,CBM,5
B50T3L11,CE,10
B50T3L11,GH,16
B50T3L11,GT,47
B50T3L11,PL,1
B50T3L14,AA,3
B50T3L14,CBM,0
B50T3L14,CE,10
B50T3L14,GH,14
B50T3L14,GT,16
B50T3L14,PL,0
B51T1B5,AA,0
B51T1B5,CBM,1
B51T1B5,CE,0
B51T1B5,GH,0
B51T1B5,GT,11
B51T1B5,PL,0
B51T1B8,AA,0
B51T1B8,CBM,7
B51T1B8,CE,8
B51T1B8,GH,12
B51T1B8,GT,30
B51T1B8,PL,0
B51T1L10,AA,6
B51T1L10,CBM,6
B51T1L10,CE,11
B51T1L10,GH,15
B51T1L10,GT,16
B51T1L10,PL,0
B51T3L14,AA,1
B51T3L14,CBM,4
B51T3L14,CE,5
B51T3L14,GH,11
B51T3L14,GT,41
B51T3L14,PL,0
B52T1B8,AA,1
B52T1B8,CBM,3
B52T1B8,CE,10
B52T1B8,GH,23
B52T1B8,GT,63
B52T1B8,PL,1
B52T1L10,AA,1
B52T1L10,CBM,22
B52T1L10,CE,23
B52T1L10,GH,27
B52T1L10,GT,29
B52T1L10,PL,4
B52T3L11,AA,0
B52T3L11,CBM,0
B52T3L11,CE,0
B52T3L11,GH,0
B52T3L11,GT,10
B52T3L11,PL,0
B52T3L14,AA,0
B52T3L14,CBM,1
B52T3L14,CE,0
B52T3L14,GH,8
B52T3L14,GT,23
B52T3L14,PL,0
B53T1L10,AA,2
B53T1L10,CBM,1
B53T1L10,CE,10
B53T1L10,GH,12
B53T1L10,GT,51
B53T1L10,PL,0
B53T3L14,AA,0
B53T3L14,CBM,1
B53T3L14,CE,5
B53T3L14,GH,11
B53T3L14,GT,28
B53T3L14,PL,0
B54T1B5,AA,2
B54T1B5,CBM,2
B54T1B5,CE,14
B54T1B5,GH,31
B54T1B5,GT,83
B54T1B5,PL,1
B54T1B8,AA,4
B54T1B8,CBM,0
B54T1B8,CE,12
B54T1B8,GH,16
B54T1B8,GT,29
B54T1B8,PL,1
B54T3L11,AA,5
B54T3L11,CBM,0
B54T3L11,CE,5
B54T3L11,GH,11
B54T3L11,GT,40
B54T3L11,PL,1
B54T3L14,AA,3
B54T3L14,CBM,0
B54T3L14,CE,4
B54T3L14,GH,11
B54T3L14,GT,24
B54T3L14,PL,1
B55T1B5,AA,6
B55T1B5,CBM,1
B55T1B5,CE,1
B55T1B5,GH,14
B55T1B5,GT,28
B55T1B5,PL,0
B55T1B8,AA,1
B55T1B8,CBM,0
B55T1B8,CE,7
B55T1B8,GH,7
B55T1B8,GT,74
B55T1B8,PL,0
B55T1L10,AA,0
B55T1L10,CBM,2
B55T1L10,CE,7
B55T1L10,GH,19
B55T1L10,GT,23
B55T1L10,PL,1
B55T3L11,AA,2
B55T3L11,CBM,0
B55T3L11,CE,5
B55T3L11,GH,11
B55T3L11,GT,22
B55T3L11,PL,1
B55T3L14,AA,1
B55T3L14,CBM,2
B55T3L14,CE,7
B55T3L14,GH,9
B55T3L14,GT,41
B55T3L14,PL,0
B56T1B5,AA,0
B56T1B5,CBM,0
B56T1B5,CE,0
B56T1B5,GH,0
B56T1B5,GT,8
B56T1B5,PL,0
B56T1B8,AA,3
B56T1B8,CBM,0
B56T1B8,CE,4
B56T1B8,GH,10
B56T1B8,GT,39
B56T1B8,PL,2
B56T1L10,AA,1
B56T1L10,CBM,1
B56T1L10,CE,3
B56T1L10,GH,16
B56T1L10,GT,27
B56T1L10,PL,1
B56T3L14,AA,2
B56T3L14,CBM,9
B56T3L14,CE,18
B56T3L14,GH,20
B56T3L14,GT,24
B56T3L14,PL,0
B57T1B5,AA,0
B57T1B5,CBM,0
B57T1B5,CE,3
B57T1B5,GH,9
B57T1B5,GT,15
B57T1B5,PL,0
B57T1B8,AA,1
B57T1B8,CBM,0
B57T1B8,CE,2
B57T1B8,GH,7
B57T1B8,GT,19
B57T1B8,PL,1
B57T1L10,AA,4
B57T1L10,CBM,0
B57T1L10,CE,0
B57T1L10,GH,13
B57T1L10,GT,26
B57T1L10,PL,0
B57T3L14,AA,0
B57T3L14,CBM,3
B57T3L14,CE,5
B57T3L14,GH,12
B57T3L14,GT,37
B57T3L14,PL,1
B58T1B5,AA,1
B58T1B5,CBM,0
B58T1B5,CE,11
B58T1B5,GH,16
B58T1B5,GT,33
B58T1B5,PL,0
B58T1B8,AA,0
B58T1B8,CBM,0
B58T1B8,CE,2
B58T1B8,GH,23
B58T1B8,GT,42
B58T1B8,PL,0
B58T1L10,AA,0
B58T1L10,CBM,0
B58T1L10,CE,0
B58T1L10,GH,1
B58T1L10,GT,7
B58T1L10,PL,0
B58T3L11,AA,2
B58T3L11,CBM,0
B58T3L11,CE,11
B58T3L11,GH,9
B58T3L11,GT,4
B58T3L11,PL,0
B58T3L14,AA,0
B58T3L14,CBM,50
B58T3L14,CE,50
B58T3L14,GH,114
B58T3L14,GT,64
B58T3L14,PL,9
B59T1B8,AA,2
B59T1B8,CBM,10
B59T1B8,CE,12
B59T1B8,GH,37
B59T1B8,GT,31
B59T1B8,PL,3
B59T3L11,AA,4
B59T3L11,CBM,1
B59T3L11,CE,11
B59T3L11,GH,19
B59T3L11,GT,41
B59T3L11,PL,0
B59T3L14,AA,3
B59T3L14,CBM,4
B59T3L14,CE,5
B59T3L14,GH,7
B59T3L14,GT,6
B59T3L14,PL,0
B5D1T1,AA,3
B5D1T1,CBM,3
B5D1T1,CE,4
B5D1T1,GH,12
B5D1T1,GT,16
B5D1T1,PL,1
B5D1T2,AA,3
B5D1T2,CBM,0
B5D1T2,CE,3
B5D1T2,GH,8
B5D1T2,GT,21
B5D1T2,PL,0
B5MC02,AA,1
B5MC02,CBM,0
B5MC02,CE,7
B5MC02,GH,17
B5MC02,GT,30
B5MC02,PL,0
B5T1B10,AA,2
B5T1B10,CBM,1
B5T1B10,CE,2
B5T1B10,GH,10
B5T1B10,GT,24
B5T1B10,PL,0
B5T1B11,AA,1
B5T1B11,CBM,0
B5T1B11,CE,0
B5T1B11,GH,5
B5T1B11,GT,12
B5T1B11,PL,0
B5T1B3,AA,2
B5T1B3,CBM,3
B5T1B3,CE,12
B5T1B3,GH,17
B5T1B3,GT,23
B5T1B3,PL,0
B5T1B5,AA,4
B5T1B5,CBM,4
B5T1B5,CE,12
B5T1B5,GH,11
B5T1B5,GT,21
B5T1B5,PL,0
B5T1B8,AA,3
B5T1B8,CBM,1
B5T1B8,CE,4
B5T1B8,GH,15
B5T1B8,GT,30
B5T1B8,PL,1
B5T1L6,AA,0
B5T1L6,CBM,0
B5T1L6,CE,0
B5T1L6,GH,0
B5T1L6,GT,5
B5T1L6,PL,0
B5T3L11,AA,6
B5T3L11,CBM,2
B5T3L11,CE,4
B5T3L11,GH,11
B5T3L11,GT,19
B5T3L11,PL,0
B5T3L8,AA,0
B5T3L8,CBM,2
B5T3L8,CE,4
B5T3L8,GH,14
B5T3L8,GT,51
B5T3L8,PL,2
B60T1B5,AA,2
B60T1B5,CBM,1
B60T1B5,CE,10
B60T1B5,GH,11
B60T1B5,GT,32
B60T1B5,PL,1
B60T1B8,AA,3
B60T1B8,CBM,4
B60T1B8,CE,17
B60T1B8,GH,25
B60T1B8,GT,25
B60T1B8,PL,1
B60T1L10,AA,0
B60T1L10,CBM,5
B60T1L10,CE,17
B60T1L10,GH,25
B60T1L10,GT,58
B60T1L10,PL,1
B60T3L14,AA,1
B60T3L14,CBM,0
B60T3L14,CE,4
B60T3L14,GH,8
B60T3L14,GT,27
B60T3L14,PL,1
B61T1B5,AA,4
B61T1B5,CBM,1
B61T1B5,CE,9
B61T1B5,GH,15
B61T1B5,GT,69
B61T1B5,PL,0
B61T1L10,AA,1
B61T1L10,CBM,1
B61T1L10,CE,7
B61T1L10,GH,15
B61T1L10,GT,24
B61T1L10,PL,0
B61T3L11,AA,4
B61T3L11,CBM,4
B61T3L11,CE,11
B61T3L11,GH,14
B61T3L11,GT,11
B61T3L11,PL,0
B61T3L14,AA,0
B61T3L14,CBM,0
B61T3L14,CE,2
B61T3L14,GH,7
B61T3L14,GT,15
B61T3L14,PL,0
B62T1B5,AA,0
B62T1B5,CBM,0
B62T1B5,CE,0
B62T1B5,GH,3
B62T1B5,GT,14
B62T1B5,PL,0
B62T1B8,AA,6
B62T1B8,CBM,10
B62T1B8,CE,23
B62T1B8,GH,63
B62T1B8,GT,28
B62T1B8,PL,2
B62T3L11,AA,4
B62T3L11,CBM,2
B62T3L11,CE,16
B62T3L11,GH,16
B62T3L11,GT,25
B62T3L11,PL,0
B63T1B5,AA,2
B63T1B5,CBM,2
B63T1B5,CE,5
B63T1B5,GH,8
B63T1B5,GT,16
B63T1B5,PL,1
B63T1B8,AA,0
B63T1B8,CBM,0
B63T1B8,CE,1
B63T1B8,GH,7
B63T1B8,GT,7
B63T1B8,PL,0
B63T1L10,AA,0
B63T1L10,CBM,2
B63T1L10,CE,8
B63T1L10,GH,11
B63T1L10,GT,43
B63T1L10,PL,1
B63T3L11,AA,1
B63T3L11,CBM,4
B63T3L11,CE,13
B63T3L11,GH,24
B63T3L11,GT,36
B63T3L11,PL,1
B63T3L14,AA,2
B63T3L14,CBM,1
B63T3L14,CE,3
B63T3L14,GH,9
B63T3L14,GT,22
B63T3L14,PL,0
B64T1B5,AA,1
B64T1B5,CBM,0
B64T1B5,CE,4
B64T1B5,GH,12
B64T1B5,GT,18
B64T1B5,PL,0
B64T1L10,AA,18
B64T1L10,CBM,0
B64T1L10,CE,20
B64T1L10,GH,11
B64T1L10,GT,24
B64T1L10,PL,0
B64T3L11,AA,7
B64T3L11,CBM,7
B64T3L11,CE,6
B64T3L11,GH,14
B64T3L11,GT,14
B64T3L11,PL,0
B64T3L14,AA,1
B64T3L14,CBM,0
B64T3L14,CE,3
B64T3L14,GH,7
B64T3L14,GT,25
B64T3L14,PL,1
B65T1B5,AA,4
B65T1B5,CBM,2
B65T1B5,CE,7
B65T1B5,GH,9
B65T1B5,GT,8
B65T1B5,PL,0
B65T1B8,AA,11
B65T1B8,CBM,6
B65T1B8,CE,11
B65T1B8,GH,18
B65T1B8,GT,15
B65T1B8,PL,0
B65T1L10,AA,1
B65T1L10,CBM,2
B65T1L10,CE,5
B65T1L10,GH,8
B65T1L10,GT,46
B65T1L10,PL,0
B65T3L11,AA,0
B65T3L11,CBM,2
B65T3L11,CE,4
B65T3L11,GH,19
B65T3L11,GT,32
B65T3L11,PL,0
B66T1B5,AA,4
B66T1B5,CBM,9
B66T1B5,CE,17
B66T1B5,GH,25
B66T1B5,GT,56
B66T1B5,PL,0
B66T1B8,AA,5
B66T1B8,CBM,1
B66T1B8,CE,3
B66T1B8,GH,4
B66T1B8,GT,16
B66T1B8,PL,0
B66T1L10,AA,1
B66T1L10,CBM,0
B66T1L10,CE,9
B66T1L10,GH,13
B66T1L10,GT,39
B66T1L10,PL,0
B66T3L11,AA,0
B66T3L11,CBM,2
B66T3L11,CE,2
B66T3L11,GH,6
B66T3L11,GT,24
B66T3L11,PL,0
B66T3L14,AA,4
B66T3L14,CBM,5
B66T3L14,CE,20
B66T3L14,GH,15
B66T3L14,GT,18
B66T3L14,PL,0
B67T1B5,AA,3
B67T1B5,CBM,2
B67T1B5,CE,6
B67T1B5,GH,11
B67T1B5,GT,20
B67T1B5,PL,0
B67T1B8,AA,2
B67T1B8,CBM,0
B67T1B8,CE,4
B67T1B8,GH,13
B67T1B8,GT,12
B67T1B8,PL,1
B67T1L10,AA,1
B67T1L10,CBM,1
B67T1L10,CE,6
B67T1L10,GH,18
B67T1L10,GT,39
B67T1L10,PL,0
B67T3L14,AA,4
B67T3L14,CBM,0
B67T3L14,CE,11
B67T3L14,GH,8
B67T3L14,GT,16
B67T3L14,PL,0
B68T1B5,AA,8
B68T1B5,CBM,0
B68T1B5,CE,3
B68T1B5,GH,10
B68T1B5,GT,10
B68T1B5,PL,0
B68T1B8,AA,15
B68T1B8,CBM,22
B68T1B8,CE,11
B68T1B8,GH,12
B68T1B8,GT,33
B68T1B8,PL,0
B68T1L10,AA,0
B68T1L10,CBM,1
B68T1L10,CE,10
B68T1L10,GH,16
B68T1L10,GT,48
B68T1L10,PL,0
B68T3L11,AA,1
B68T3L11,CBM,5
B68T3L11,CE,8
B68T3L11,GH,22
B68T3L11,GT,43
B68T3L11,PL,0
B69T1B5,AA,1
B69T1B5,CBM,0
B69T1B5,CE,8
B69T1B5,GH,18
B69T1B5,GT,27
B69T1B5,PL,0
B69T1B8,AA,2
B69T1B8,CBM,1
B69T1B8,CE,14
B69T1B8,GH,25
B69T1B8,GT,33
B69T1B8,PL,0
B69T1L10,AA,1
B69T1L10,CBM,2
B69T1L10,CE,7
B69T1L10,GH,14
B69T1L10,GT,34
B69T1L10,PL,0
B69T3L14,AA,2
B69T3L14,CBM,1
B69T3L14,CE,11
B69T3L14,GH,8
B69T3L14,GT,18
B69T3L14,PL,0
B6D1T1,AA,0
B6D1T1,CBM,2
B6D1T1,CE,9
B6D1T1,GH,17
B6D1T1,GT,25
B6D1T1,PL,0
B6D1T2,AA,0
B6D1T2,CBM,0
B6D1T2,CE,2
B6D1T2,GH,20
B6D1T2,GT,39
B6D1T2,PL,0
B6MC02,AA,1
B6MC02,CBM,2
B6MC02,CE,6
B6MC02,GH,22
B6MC02,GT,41
B6MC02,PL,0
B6T1B10,AA,1
B6T1B10,CBM,3
B6T1B10,CE,10
B6T1B10,GH,36
B6T1B10,GT,64
B6T1B10,PL,1
B6T1B3,AA,3
B6T1B3,CBM,0
B6T1B3,CE,12
B6T1B3,GH,16
B6T1B3,GT,33
B6T1B3,PL,0
B6T1B5,AA,6
B6T1B5,CBM,4
B6T1B5,CE,13
B6T1B5,GH,28
B6T1B5,GT,27
B6T1B5,PL,0
B6T1B8,AA,1
B6T1B8,CBM,1
B6T1B8,CE,5
B6T1B8,GH,10
B6T1B8,GT,41
B6T1B8,PL,0
B6T1L10,AA,1
B6T1L10,CBM,0
B6T1L10,CE,0
B6T1L10,GH,11
B6T1L10,GT,28
B6T1L10,PL,0
B6T1L6,AA,0
B6T1L6,CBM,0
B6T1L6,CE,0
B6T1L6,GH,1
B6T1L6,GT,12
B6T1L6,PL,0
B6T3L14,AA,0
B6T3L14,CBM,0
B6T3L14,CE,0
B6T3L14,GH,1
B6T3L14,GT,1
B6T3L14,PL,0
B6T3L8,AA,0
B6T3L8,CBM,1
B6T3L8,CE,5
B6T3L8,GH,17
B6T3L8,GT,29
B6T3L8,PL,1
B70T1B5,AA,0
B70T1B5,CBM,9
B70T1B5,CE,13
B70T1B5,GH,27
B70T1B5,GT,27
B70T1B5,PL,4
B70T1B8,AA,2
B70T1B8,CBM,2
B70T1B8,CE,10
B70T1B8,GH,19
B70T1B8,GT,50
B70T1B8,PL,0
B70T1L10,AA,4
B70T1L10,CBM,0
B70T1L10,CE,12
B70T1L10,GH,17
B70T1L10,GT,13
B70T1L10,PL,0
B70T3L11,AA,6
B70T3L11,CBM,3
B70T3L11,CE,14
B70T3L11,GH,19
B70T3L11,GT,19
B70T3L11,PL,0
B71T1B5,AA,14
B71T1B5,CBM,0
B71T1B5,CE,15
B71T1B5,GH,8
B71T1B5,GT,17
B71T1B5,PL,0
B71T1B8,AA,6
B71T1B8,CBM,14
B71T1B8,CE,27
B71T1B8,GH,16
B71T1B8,GT,51
B71T1B8,PL,1
B71T1L10,AA,2
B71T1L10,CBM,0
B71T1L10,CE,7
B71T1L10,GH,7
B71T1L10,GT,22
B71T1L10,PL,0
B71T3L11,AA,1
B71T3L11,CBM,1
B71T3L11,CE,3
B71T3L11,GH,15
B71T3L11,GT,34
B71T3L11,PL,0
B72T1B8,AA,5
B72T1B8,CBM,1
B72T1B8,CE,10
B72T1B8,GH,17
B72T1B8,GT,14
B72T1B8,PL,0
B72T1L10,AA,0
B72T1L10,CBM,1
B72T1L10,CE,1
B72T1L10,GH,10
B72T1L10,GT,55
B72T1L10,PL,1
B72T3L11,AA,2
B72T3L11,CBM,0
B72T3L11,CE,2
B72T3L11,GH,5
B72T3L11,GT,15
B72T3L11,PL,0
B73T1B5,AA,2
B73T1B5,CBM,0
B73T1B5,CE,5
B73T1B5,GH,8
B73T1B5,GT,27
B73T1B5,PL,1
B73T1B8,AA,1
B73T1B8,CBM,5
B73T1B8,CE,8
B73T1B8,GH,17
B73T1B8,GT,25
B73T1B8,PL,3
B73T1L10,AA,9
B73T1L10,CBM,0
B73T1L10,CE,13
B73T1L10,GH,5
B73T1L10,GT,13
B73T1L10,PL,0
B73T3L11,AA,0
B73T3L11,CBM,1
B73T3L11,CE,6
B73T3L11,GH,15
B73T3L11,GT,26
B73T3L11,PL,1
B74T1B5,AA,2
B74T1B5,CBM,6
B74T1B5,CE,23
B74T1B5,GH,40
B74T1B5,GT,32
B74T1B5,PL,0
B74T1L10,AA,1
B74T1L10,CBM,3
B74T1L10,CE,11
B74T1L10,GH,36
B74T1L10,GT,67
B74T1L10,PL,1
B74T3L11,AA,0
B74T3L11,CBM,0
B74T3L11,CE,6
B74T3L11,GH,4
B74T3L11,GT,12
B74T3L11,PL,0
B75T1B5,AA,4
B75T1B5,CBM,0
B75T1B5,CE,6
B75T1B5,GH,9
B75T1B5,GT,37
B75T1B5,PL,1
B75T1B8,AA,1
B75T1B8,CBM,35
B75T1B8,CE,33
B75T1B8,GH,39
B75T1B8,GT,21
B75T1B8,PL,2
B75T1L10,AA,5
B75T1L10,CBM,0
B75T1L10,CE,4
B75T1L10,GH,13
B75T1L10,GT,37
B75T1L10,PL,1
B75T3L11,AA,7
B75T3L11,CBM,4
B75T3L11,CE,6
B75T3L11,GH,17
B75T3L11,GT,23
B75T3L11,PL,0
B76T1B5,AA,3
B76T1B5,CBM,0
B76T1B5,CE,8
B76T1B5,GH,10
B76T1B5,GT,36
B76T1B5,PL,0
B76T1L10,AA,1
B76T1L10,CBM,8
B76T1L10,CE,14
B76T1L10,GH,21
B76T1L10,GT,50
B76T1L10,PL,4
B76T3L11,AA,5
B76T3L11,CBM,4
B76T3L11,CE,12
B76T3L11,GH,35
B76T3L11,GT,33
B76T3L11,PL,2
B77T1B5,AA,4
B77T1B5,CBM,5
B77T1B5,CE,17
B77T1B5,GH,34
B77T1B5,GT,51
B77T1B5,PL,2
B77T1B8,AA,1
B77T1B8,CBM,3
B77T1B8,CE,7
B77T1B8,GH,11
B77T1B8,GT,36
B77T1B8,PL,1
B77T1L10,AA,3
B77T1L10,CBM,1
B77T1L10,CE,4
B77T1L10,GH,7
B77T1L10,GT,25
B77T1L10,PL,2
B77T3L11,AA,5
B77T3L11,CBM,6
B77T3L11,CE,16
B77T3L11,GH,9
B77T3L11,GT,9
B77T3L11,PL,0
B78T1B5,AA,2
B78T1B5,CBM,17
B78T1B5,CE,18
B78T1B5,GH,40
B78T1B5,GT,33
B78T1B5,PL,2
B78T1B8,AA,4
B78T1B8,CBM,3
B78T1B8,CE,11
B78T1B8,GH,22
B78T1B8,GT,47
B78T1B8,PL,1
B78T1L10,AA,1
B78T1L10,CBM,0
B78T1L10,CE,4
B78T1L10,GH,21
B78T1L10,GT,16
B78T1L10,PL,0
B78T3L11,AA,6
B78T3L11,CBM,0
B78T3L11,CE,14
B78T3L11,GH,8
B78T3L11,GT,22
B78T3L11,PL,0
B79T1B5,AA,3
B79T1B5,CBM,2
B79T1B5,CE,7
B79T1B5,GH,5
B79T1B5,GT,20
B79T1B5,PL,0
B79T1B8,AA,4
B79T1B8,CBM,0
B79T1B8,CE,10
B79T1B8,GH,9
B79T1B8,GT,19
B79T1B8,PL,0
B79T1L10,AA,5
B79T1L10,CBM,3
B79T1L10,CE,29
B79T1L10,GH,44
B79T1L10,GT,78
B79T1L10,PL,2
B79T3L11,AA,2
B79T3L11,CBM,2
B79T3L11,CE,9
B79T3L11,GH,33
B79T3L11,GT,33
B79T3L11,PL,0
B7D1T1,AA,1
B7D1T1,CBM,2
B7D1T1,CE,4
B7D1T1,GH,20
B7D1T1,GT,30
B7D1T1,PL,0
B7MC02,AA,1
B7MC02,CBM,0
B7MC02,CE,2
B7MC02,GH,16
B7MC02,GT,18
B7MC02,PL,0
B7T1B10,AA,1
B7T1B10,CBM,0
B7T1B10,CE,3
B7T1B10,GH,12
B7T1B10,GT,35
B7T1B10,PL,1
B7T1B11,AA,1
B7T1B11,CBM,0
B7T1B11,CE,0
B7T1B11,GH,0
B7T1B11,GT,21
B7T1B11,PL,0
B7T1B5,AA,1
B7T1B5,CBM,2
B7T1B5,CE,7
B7T1B5,GH,17
B7T1B5,GT,39
B7T1B5,PL,0
B7T1B8,AA,3
B7T1B8,CBM,1
B7T1B8,CE,6
B7T1B8,GH,9
B7T1B8,GT,23
B7T1B8,PL,0
B7T1L6,AA,3
B7T1L6,CBM,0
B7T1L6,CE,7
B7T1L6,GH,15
B7T1L6,GT,31
B7T1L6,PL,1
B7T3L11,AA,0
B7T3L11,CBM,0
B7T3L11,CE,6
B7T3L11,GH,4
B7T3L11,GT,23
B7T3L11,PL,0
B7T3L14,AA,1
B7T3L14,CBM,0
B7T3L14,CE,2
B7T3L14,GH,7
B7T3L14,GT,8
B7T3L14,PL,1
B7T3L8,AA,1
B7T3L8,CBM,0
B7T3L8,CE,2
B7T3L8,GH,6
B7T3L8,GT,3
B7T3L8,PL,0
B80T1B5,AA,10
B80T1B5,CBM,0
B80T1B5,CE,11
B80T1B5,GH,6
B80T1B5,GT,12
B80T1B5,PL,0
B80T1B8,AA,6
B80T1B8,CBM,6
B80T1B8,CE,4
B80T1B8,GH,10
B80T1B8,GT,15
B80T1B8,PL,1
B80T3L11,AA,5
B80T3L11,CBM,0
B80T3L11,CE,7
B80T3L11,GH,13
B80T3L11,GT,19
B80T3L11,PL,1
B81T1B5,AA,0
B81T1B5,CBM,1
B81T1B5,CE,2
B81T1B5,GH,11
B81T1B5,GT,34
B81T1B5,PL,0
B81T1L10,AA,1
B81T1L10,CBM,1
B81T1L10,CE,3
B81T1L10,GH,3
B81T1L10,GT,49
B81T1L10,PL,0
B82T1B8,AA,7
B82T1B8,CBM,3
B82T1B8,CE,11
B82T1B8,GH,51
B82T1B8,GT,45
B82T1B8,PL,1
B82T1L10,AA,10
B82T1L10,CBM,0
B82T1L10,CE,15
B82T1L10,GH,12
B82T1L10,GT,24
B82T1L10,PL,0
B82T3L11,AA,1
B82T3L11,CBM,0
B82T3L11,CE,2
B82T3L11,GH,15
B82T3L11,GT,34
B82T3L11,PL,0
B83T1B8,AA,1
B83T1B8,CBM,3
B83T1B8,CE,4
B83T1B8,GH,18
B83T1B8,GT,44
B83T1B8,PL,0
B83T1L10,AA,1
B83T1L10,CBM,0
B83T1L10,CE,5
B83T1L10,GH,13
B83T1L10,GT,15
B83T1L10,PL,0
B83T3L11,AA,0
B83T3L11,CBM,0
B83T3L11,CE,4
B83T3L11,GH,17
B83T3L11,GT,17
B83T3L11,PL,0
B84T1B8,AA,5
B84T1B8,CBM,0
B84T1B8,CE,4
B84T1B8,GH,4
B84T1B8,GT,12
B84T1B8,PL,0
B84T1L10,AA,2
B84T1L10,CBM,0
B84T1L10,CE,2
B84T1L10,GH,9
B84T1L10,GT,19
B84T1L10,PL,0
B84T3L11,AA,2
B84T3L11,CBM,2
B84T3L11,CE,12
B84T3L11,GH,14
B84T3L11,GT,41
B84T3L11,PL,1
B85T1B8,AA,0
B85T1B8,CBM,2
B85T1B8,CE,7
B85T1B8,GH,9
B85T1B8,GT,25
B85T1B8,PL,0
B85T1L10,AA,2
B85T1L10,CBM,0
B85T1L10,CE,3
B85T1L10,GH,11
B85T1L10,GT,19
B85T1L10,PL,0
B85T3L11,AA,3
B85T3L11,CBM,0
B85T3L11,CE,4
B85T3L11,GH,9
B85T3L11,GT,39
B85T3L11,PL,0
B86T1B8,AA,2
B86T1B8,CBM,0
B86T1B8,CE,6
B86T1B8,GH,13
B86T1B8,GT,33
B86T1B8,PL,0
B86T1L10,AA,1
B86T1L10,CBM,0
B86T1L10,CE,0
B86T1L10,GH,6
B86T1L10,GT,4
B86T1L10,PL,0
B86T3L11,AA,2
B86T3L11,CBM,2
B86T3L11,CE,2
B86T3L11,GH,16
B86T3L11,GT,29
B86T3L11,PL,0
B87T1B8,AA,2
B87T1B8,CBM,1
B87T1B8,CE,6
B87T1B8,GH,12
B87T1B8,GT,49
B87T1B8,PL,0
B87T1L10,AA,0
B87T1L10,CBM,1
B87T1L10,CE,7
B87T1L10,GH,12
B87T1L10,GT,42
B87T1L10,PL,0
B87T3L11,AA,0
B87T3L11,CBM,1
B87T3L11,CE,17
B87T3L11,GH,19
B87T3L11,GT,32
B87T3L11,PL,0
B88T1L10,AA,2
B88T1L10,CBM,2
B88T1L10,CE,6
B88T1L10,GH,19
B88T1L10,GT,55
B88T1L10,PL,11
B88T3L11,AA,3
B88T3L11,CBM,29
B88T3L11,CE,19
B88T3L11,GH,146
B88T3L11,GT,42
B88T3L11,PL,10
B89T1B8,AA,7
B89T1B8,CBM,8
B89T1B8,CE,14
B89T1B8,GH,32
B89T1B8,GT,44
B89T1B8,PL,0
B89T1L10,AA,0
B89T1L10,CBM,0
B89T1L10,CE,1
B89T1L10,GH,3
B89T1L10,GT,10
B89T1L10,PL,0
B89T3L11,AA,2
B89T3L11,CBM,0
B89T3L11,CE,7
B89T3L11,GH,10
B89T3L11,GT,11
B89T3L11,PL,0
B8D1T1,AA,3
B8D1T1,CBM,1
B8D1T1,CE,10
B8D1T1,GH,18
B8D1T1,GT,38
B8D1T1,PL,0
B8D1T2,AA,4
B8D1T2,CBM,0
B8D1T2,CE,5
B8D1T2,GH,13
B8D1T2,GT,21
B8D1T2,PL,0
B8MC02,AA,1
B8MC02,CBM,1
B8MC02,CE,1
B8MC02,GH,12
B8MC02,GT,17
B8MC02,PL,0
B8T1B10,AA,3
B8T1B10,CBM,3
B8T1B10,CE,5
B8T1B10,GH,14
B8T1B10,GT,33
B8T1B10,PL,0
B8T1B11,AA,0
B8T1B11,CBM,0
B8T1B11,CE,0
B8T1B11,GH,3
B8T1B11,GT,12
B8T1B11,PL,0
B8T1B3,AA,4
B8T1B3,CBM,0
B8T1B3,CE,4
B8T1B3,GH,11
B8T1B3,GT,23
B8T1B3,PL,0
B8T1B5,AA,0
B8T1B5,CBM,1
B8T1B5,CE,10
B8T1B5,GH,7
B8T1B5,GT,23
B8T1B5,PL,0
B8T1B8,AA,3
B8T1B8,CBM,2
B8T1B8,CE,5
B8T1B8,GH,7
B8T1B8,GT,34
B8T1B8,PL,0
B8T1L10,AA,1
B8T1L10,CBM,0
B8T1L10,CE,4
B8T1L10,GH,2
B8T1L10,GT,16
B8T1L10,PL,0
B8T1L6,AA,1
B8T1L6,CBM,0
B8T1L6,CE,3
B8T1L6,GH,5
B8T1L6,GT,26
B8T1L6,PL,0
B8T3L11,AA,0
B8T3L11,CBM,0
B8T3L11,CE,1
B8T3L11,GH,3
B8T3L11,GT,8
B8T3L11,PL,0
B8T3L8,AA,1
B8T3L8,CBM,0
B8T3L8,CE,2
B8T3L8,GH,6
B8T3L8,GT,14
B8T3L8,PL,0
B90T1B8,AA,1
B90T1B8,CBM,0
B90T1B8,CE,2
B90T1B8,GH,8
B90T1B8,GT,15
B90T1B8,PL,0
B90T1L10,AA,0
B90T1L10,CBM,2
B90T1L10,CE,15
B90T1L10,GH,20
B90T1L10,GT,38
B90T1L10,PL,0
B90T3L11,AA,1
B90T3L11,CBM,0
B90T3L11,CE,4
B90T3L11,GH,14
B90T3L11,GT,41
B90T3L11,PL,1
B91T1B8,AA,5
B91T1B8,CBM,0
B91T1B8,CE,4
B91T1B8,GH,12
B91T1B8,GT,34
B91T1B8,PL,1
B91T1L10,AA,9
B91T1L10,CBM,7
B91T1L10,CE,9
B91T1L10,GH,15
B91T1L10,GT,15
B91T1L10,PL,0
B91T3L11,AA,0
B91T3L11,CBM,0
B91T3L11,CE,0
B91T3L11,GH,4
B91T3L11,GT,5
B91T3L11,PL,0
B92T1B8,AA,0
B92T1B8,CBM,0
B92T1B8,CE,4
B92T1B8,GH,7
B92T1B8,GT,30
B92T1B8,PL,0
B92T1L10,AA,0
B92T1L10,CBM,2
B92T1L10,CE,9
B92T1L10,GH,9
B92T1L10,GT,32
B92T1L10,PL,0
B92T3L11,AA,6
B92T3L11,CBM,4
B92T3L11,CE,10
B92T3L11,GH,11
B92T3L11,GT,19
B92T3L11,PL,0
B93T1B8,AA,5
B93T1B8,CBM,5
B93T1B8,CE,6
B93T1B8,GH,15
B93T1B8,GT,15
B93T1B8,PL,0
B93T1L10,AA,0
B93T1L10,CBM,5
B93T1L10,CE,7
B93T1L10,GH,27
B93T1L10,GT,33
B93T1L10,PL,0
B93T3L11,AA,10
B93T3L11,CBM,11
B93T3L11,CE,23
B93T3L11,GH,35
B93T3L11,GT,41
B93T3L11,PL,0
B94T1B8,AA,2
B94T1B8,CBM,2
B94T1B8,CE,4
B94T1B8,GH,9
B94T1B8,GT,28
B94T1B8,PL,0
B95T1B8,AA,7
B95T1B8,CBM,1
B95T1B8,CE,3
B95T1B8,GH,17
B95T1B8,GT,45
B95T1B8,PL,0
B95T1L10,AA,7
B95T1L10,CBM,3
B95T1L10,CE,8
B95T1L10,GH,17
B95T1L10,GT,24
B95T1L10,PL,0
B96T1B8,AA,0
B96T1B8,CBM,1
B96T1B8,CE,6
B96T1B8,GH,12
B96T1B8,GT,16
B96T1B8,PL,0
B96T3L11,AA,1
B96T3L11,CBM,2
B96T3L11,CE,5
B96T3L11,GH,15
B96T3L11,GT,30
B96T3L11,PL,0
B97T1B8,AA,6
B97T1B8,CBM,11
B97T1B8,CE,11
B97T1B8,GH,40
B97T1B8,GT,40
B97T1B8,PL,0
B97T1L10,AA,2
B97T1L10,CBM,10
B97T1L10,CE,13
B97T1L10,GH,32
B97T1L10,GT,40
B97T1L10,PL,0
B98T1L10,AA,2
B98T1L10,CBM,1
B98T1L10,CE,2
B98T1L10,GH,21
B98T1L10,GT,36
B98T1L10,PL,0
B98T3L11,AA,2
B98T3L11,CBM,0
B98T3L11,CE,2
B98T3L11,GH,8
B98T3L11,GT,19
B98T3L11,PL,0
B99T1B8,AA,2
B99T1B8,CBM,0
B99T1B8,CE,4
B99T1B8,GH,9
B99T1B8,GT,18
B99T1B8,PL,0
B99T1L10,AA,1
B99T1L10,CBM,2
B99T1L10,CE,4
B99T1L10,GH,6
B99T1L10,GT,18
B99T1L10,PL,1
B99T3L11,AA,1
B99T3L11,CBM,3
B99T3L11,CE,4
B99T3L11,GH,19
B99T3L11,GT,24
B99T3L11,PL,0
B9D1T1,AA,2
B9D1T1,CBM,0
B9D1T1,CE,6
B9D1T1,GH,21
B9D1T1,GT,27
B9D1T1,PL,0
B9D1T2,AA,1
B9D1T2,CBM,1
B9D1T2,CE,3
B9D1T2,GH,13
B9D1T2,GT,15
B9D1T2,PL,0
B9T1B10,AA,1
B9T1B10,CBM,0
B9T1B10,CE,5
B9T1B10,GH,5
B9T1B10,GT,17
B9T1B10,PL,0
B9T1B11,AA,2
B9T1B11,CBM,1
B9T1B11,CE,5
B9T1B11,GH,13
B9T1B11,GT,17
B9T1B11,PL,0
B9T1B3,AA,1
B9T1B3,CBM,0
B9T1B3,CE,3
B9T1B3,GH,6
B9T1B3,GT,8
B9T1B3,PL,0
B9T1B5,AA,3
B9T1B5,CBM,0
B9T1B5,CE,3
B9T1B5,GH,16
B9T1B5,GT,43
B9T1B5,PL,0
B9T1B8,AA,1
B9T1B8,CBM,0
B9T1B8,CE,4
B9T1B8,GH,3
B9T1B8,GT,7
B9T1B8,PL,0
B9T1L10,AA,1
B9T1L10,CBM,1
B9T1L10,CE,3
B9T1L10,GH,6
B9T1L10,GT,23
B9T1L10,PL,0
B9T1L6,AA,7
B9T1L6,CBM,10
B9T1L6,CE,19
B9T1L6,GH,51
B9T1L6,GT,44
B9T1L6,PL,1
B9T3L11,AA,2
B9T3L11,CBM,0
B9T3L11,CE,3
B9T3L11,GH,5
B9T3L11,GT,20
B9T3L11,PL,0
B9T3L14,AA,1
B9T3L14,CBM,0
B9T3L14,CE,3
B9T3L14,GH,16
B9T3L14,GT,16
B9T3L14,PL,0
B9T3L8,AA,2
B9T3L8,CBM,0
B9T3L8,CE,5
B9T3L8,GH,13
B9T3L8,GT,41
B9T3L8,PL,2
